restaurant_id,cuisine_restaurant_level,restaurant_confidence,n_reviews,cuisine_majority_vote
merged_src1_013_src2_178_src2_309_src2_362_src2_379_src2_437_src2_468_src2_600_src2_655_src2_700_src2_711_src2_1435_src2_2677_src2_3681,Levantine,0.454,8,Levantine
merged_src1_016_src2_600_src2_642_src2_700_src2_838_src2_980_src2_1044_src2_1251_src2_1435_src2_1535_src2_1729_src2_1749_src2_2087_src2_2363_src2_2460_src2_2677_src2_3045_src2_3299_src2_3681,Seafood,0.186,1,Seafood
merged_src1_017_src3_042,Italian,0.789,4,Italian
merged_src1_050_src2_263_src2_337_src2_626_src2_704_src2_776_src2_793_src2_796_src2_911_src2_1243_src2_1463_src2_1950_src2_2689_src2_2978_src2_3100_src2_3135_src2_3227_src2_3246_src2_3442_src2_3633_src2_3634_src2_3729_src2_3876,French,0.461,208,French
src1_008,Jewish,0.948,5,Jewish
src1_018,Fast food,0.347,5,Fast food
src1_029,American,0.284,5,American
src1_035,French,0.307,5,French
src1_044,French,0.369,5,French
src1_048,Other,0.377,5,Other
src2_003,Other,0.188,30,Other
src2_011,American,0.209,17,American
src2_018,Fast food,0.25,7,Fast food
src2_026,Levantine,0.467,1,Levantine
src2_032,Levantine,0.386,2,Levantine
src2_034,American,0.316,30,American
src2_038,Levantine,0.273,1,Levantine
src2_039,Dessert,0.384,10,Dessert
src2_043,American,0.45,22,American
src2_046,American,0.413,1,American
src2_048,American,0.222,1,American
src2_049,French,0.505,4,French
src2_053,Other,0.505,21,Other
src2_054,French,0.234,21,French
src2_057,Fast food,0.188,3,Fast food
src2_058,Levantine,0.444,13,Levantine
src2_068,American,0.207,3,American
src2_069,Levantine,0.2,2,Levantine
src2_072,Levantine,0.43,11,Levantine
src2_075,Other,0.244,5,Other
src2_076,Levantine,0.531,13,Levantine
src2_077,Levantine,0.377,1,Levantine
src2_078,Seafood,0.306,5,Seafood
src2_079,French,0.262,1,French
src2_080,American,0.6,2,American
src2_081,Italian,0.243,30,Italian
src2_082,Levantine,0.191,1,Levantine
src2_083,Dessert,0.198,3,Dessert
src2_084,Dessert,0.219,1,Dessert
src2_085,American,0.238,10,American
src2_088,Levantine,0.694,30,Levantine
src2_089,Levantine,0.347,3,Levantine
src2_094,Levantine,0.148,10,Levantine
src2_096,Other,0.182,25,Other
src2_097,French,0.519,30,French
src2_098,Seafood,0.192,1,Seafood
src2_099,Dessert,0.239,1,Dessert
src2_100,Levantine,0.279,16,Levantine
src2_1002,Italian,0.234,13,Italian
src2_1005,Levantine,0.764,30,Levantine
src2_1006,Levantine,0.681,30,Levantine
src2_1012,Levantine,0.159,6,Levantine
src2_1013,Levantine,0.329,3,Levantine
src2_1014,Levantine,0.314,2,Levantine
src2_1016,Levantine,0.364,30,Levantine
src2_1018,Levantine,0.573,25,Levantine
src2_1020,Levantine,0.369,12,Levantine
src2_1023,Dessert,0.17,30,Dessert
src2_1024,Dessert,0.479,6,Dessert
src2_1027,Dessert,0.198,1,Dessert
src2_1029,Levantine,0.228,1,Levantine
src2_103,Italian,0.187,3,Italian
src2_1030,Dessert,0.235,1,Dessert
src2_1037,Levantine,0.432,30,Levantine
src2_1038,Dessert,0.563,30,Dessert
src2_1040,Dessert,0.252,2,Dessert
src2_1041,French,0.548,15,French
src2_1043,Levantine,0.189,1,Levantine
src2_1053,Levantine,0.165,4,Levantine
src2_1061,Other,0.191,10,Other
src2_1062,Other,0.181,11,Other
src2_1066,Italian,0.301,20,Italian
src2_1068,Other,0.235,26,Other
src2_1069,Dessert,0.353,30,Dessert
src2_107,Levantine,0.281,6,Levantine
src2_1070,Dessert,0.199,30,Dessert
src2_1072,Levantine,0.438,30,Levantine
src2_1074,Levantine,0.237,2,Levantine
src2_1076,Dessert,0.334,2,Dessert
src2_108,Levantine,0.518,3,Levantine
src2_1082,American,0.56,30,American
src2_1083,American,0.306,18,American
src2_1084,Other,0.265,30,Other
src2_1086,French,0.38,30,French
src2_1087,Levantine,0.291,8,Levantine
src2_1089,Levantine,0.611,1,Levantine
src2_109,Other,0.397,1,Other
src2_1090,American,0.219,3,American
src2_1094,Dessert,0.388,15,Dessert
src2_1095,Dessert,0.658,30,Dessert
src2_1099,Levantine,0.259,2,Levantine
src2_110,Dessert,0.238,1,Dessert
src2_1100,American,0.222,1,American
src2_1101,Levantine,0.217,30,Levantine
src2_1102,Levantine,0.263,16,Levantine
src2_1103,Pizza,0.368,1,Pizza
src2_1104,Other,0.315,30,Other
src2_1105,Fast food,0.323,16,Fast food
src2_1106,American,0.384,16,American
src2_1107,American,0.29,13,American
src2_1108,American,0.499,13,American
src2_1109,American,0.222,1,American
src2_111,American,0.222,1,American
src2_1110,Levantine,0.251,3,Levantine
src2_1111,American,0.322,12,American
src2_1112,American,0.318,26,American
src2_1114,Fast food,0.25,9,Fast food
src2_1115,Levantine,0.366,20,Levantine
src2_1116,Levantine,0.26,16,Levantine
src2_112,Levantine,0.251,1,Levantine
src2_1122,Levantine,0.19,22,Levantine
src2_1124,Other,0.577,24,Other
src2_1126,Levantine,0.85,30,Levantine
src2_1127,Levantine,0.63,30,Levantine
src2_1133,Fast food,0.415,8,Fast food
src2_1135,Seafood,0.211,1,Seafood
src2_1139,Pizza,0.39,30,Pizza
src2_1141,Pizza,0.346,19,Pizza
src2_1144,French,0.563,1,French
src2_1148,Dessert,0.166,11,Dessert
src2_1150,American,0.215,4,American
src2_1151,Levantine,0.286,30,Levantine
src2_1157,Other,0.266,30,Other
src2_1158,Levantine,0.204,2,Levantine
src2_1161,Other,0.272,16,Other
src2_1162,French,0.267,1,French
src2_1164,Levantine,0.367,1,Levantine
src2_1165,American,0.181,6,American
src2_1167,Seafood,0.278,2,Seafood
src2_1172,Dessert,0.257,1,Dessert
src2_1181,Fast food,0.394,19,Fast food
src2_1182,Fast food,0.491,2,Fast food
src2_1189,American,0.544,30,American
src2_119,French,0.53,1,French
src2_1193,Fast food,0.435,3,Fast food
src2_1196,American,0.581,15,American
src2_1198,Seafood,0.186,6,Seafood
src2_1204,French,0.636,2,French
src2_1207,Italian,0.191,4,Italian
src2_1210,Fast food,0.358,30,Fast food
src2_1211,Pizza,0.627,30,Pizza
src2_1212,Pizza,0.741,16,Pizza
src2_1213,Pizza,0.671,5,Pizza
src2_1214,Seafood,0.253,2,Seafood
src2_1215,American,0.291,9,American
src2_1216,Levantine,0.222,17,Levantine
src2_1217,Levantine,0.522,20,Levantine
src2_1220,American,0.184,11,American
src2_1223,Levantine,0.242,1,Levantine
src2_1227,American,0.18,3,American
src2_1228,Levantine,0.275,7,Levantine
src2_1231,American,0.196,1,American
src2_1233,Levantine,0.286,12,Levantine
src2_1235,French,0.4,4,French
src2_1236,Other,0.19,25,Other
src2_1241,Dessert,0.176,2,Dessert
src2_1244,Levantine,0.371,30,Levantine
src2_1245,Dessert,0.219,1,Dessert
src2_1247,American,0.423,30,American
src2_125,Pizza,0.295,7,Pizza
src2_1250,Dessert,0.248,3,Dessert
src2_1253,Dessert,0.205,6,Dessert
src2_1256,Levantine,0.228,6,Levantine
src2_126,Dessert,0.397,30,Dessert
src2_1260,Levantine,0.243,1,Levantine
src2_1261,Dessert,0.292,5,Dessert
src2_1265,Levantine,0.328,7,Levantine
src2_1266,Dessert,0.176,5,Dessert
src2_1267,Dessert,0.189,1,Dessert
src2_1269,Other,0.175,13,Other
src2_1270,French,0.211,26,French
src2_1271,Dessert,0.257,1,Dessert
src2_1273,American,0.179,10,American
src2_1278,Seafood,0.351,1,Seafood
src2_1279,Other,0.181,14,Other
src2_1280,Seafood,0.29,1,Seafood
src2_1282,Dessert,0.299,4,Dessert
src2_1288,American,0.288,30,American
src2_1289,Levantine,0.579,1,Levantine
src2_1290,Dessert,0.232,1,Dessert
src2_1294,French,0.548,24,French
src2_1296,Levantine,0.506,30,Levantine
src2_1299,Seafood,0.29,1,Seafood
src2_1300,American,0.216,1,American
src2_1302,American,0.218,10,American
src2_1303,Levantine,0.307,10,Levantine
src2_1305,American,0.169,9,American
src2_1309,Levantine,0.398,30,Levantine
src2_1310,Levantine,0.284,17,Levantine
src2_1316,French,0.616,8,French
src2_1318,American,0.197,30,American
src2_1319,Seafood,0.244,3,Seafood
src2_1320,Levantine,0.201,6,Levantine
src2_1321,Levantine,0.188,2,Levantine
src2_1324,Dessert,0.225,2,Dessert
src2_1327,American,0.157,4,American
src2_1328,Jewish,0.244,9,Jewish
src2_133,Levantine,0.251,1,Levantine
src2_1336,American,0.412,30,American
src2_1337,Levantine,0.664,2,Levantine
src2_1338,Dessert,0.211,1,Dessert
src2_1339,Levantine,0.219,11,Levantine
src2_134,Levantine,0.535,30,Levantine
src2_1342,Levantine,0.305,30,Levantine
src2_1343,Levantine,0.263,30,Levantine
src2_1344,Levantine,0.223,8,Levantine
src2_1345,French,0.232,30,French
src2_1346,Other,0.243,15,Other
src2_1347,French,0.238,30,French
src2_1348,Levantine,0.175,11,Levantine
src2_1349,Dessert,0.219,1,Dessert
src2_135,Levantine,0.504,2,Levantine
src2_1351,American,0.19,1,American
src2_1353,American,0.253,30,American
src2_1355,Levantine,0.177,2,Levantine
src2_1356,Levantine,0.203,1,Levantine
src2_1357,American,0.28,2,American
src2_136,Levantine,0.23,4,Levantine
src2_1361,Levantine,0.475,9,Levantine
src2_1363,Levantine,0.281,30,Levantine
src2_1368,Levantine,0.203,2,Levantine
src2_1369,Dessert,0.214,5,Dessert
src2_137,Levantine,0.429,26,Levantine
src2_1370,Seafood,0.267,3,Seafood
src2_1371,American,0.22,4,American
src2_1372,Levantine,0.194,2,Levantine
src2_1373,Levantine,0.365,7,Levantine
src2_1375,American,0.19,2,American
src2_1376,Levantine,0.369,4,Levantine
src2_1379,Levantine,0.221,7,Levantine
src2_1380,Dessert,0.201,1,Dessert
src2_1381,Levantine,0.217,3,Levantine
src2_1384,Pizza,0.184,3,Pizza
src2_1389,Levantine,0.277,29,Levantine
src2_1393,Italian,0.5,17,Italian
src2_1394,Other,0.261,2,Other
src2_1396,Dessert,0.186,20,Dessert
src2_1397,Levantine,0.137,30,Levantine
src2_140,Pizza,0.267,8,Pizza
src2_1400,Dessert,0.243,30,Dessert
src2_1401,French,0.216,30,French
src2_1406,American,0.204,30,American
src2_1409,Levantine,0.511,20,Levantine
src2_1411,American,0.386,5,American
src2_1412,French,0.184,9,French
src2_1415,Dessert,0.413,30,Dessert
src2_142,Levantine,0.262,2,Levantine
src2_1420,French,0.538,30,French
src2_1423,French,0.239,12,French
src2_1429,Levantine,0.366,30,Levantine
src2_143,Dessert,0.193,3,Dessert
src2_1430,Seafood,0.334,30,Seafood
src2_1433,Other,0.695,30,Other
src2_1434,Levantine,0.356,1,Levantine
src2_1437,Fast food,0.176,1,Fast food
src2_1440,Levantine,0.189,21,Levantine
src2_1441,Dessert,0.232,5,Dessert
src2_1442,Levantine,0.188,11,Levantine
src2_1443,Dessert,0.353,19,Dessert
src2_1446,French,0.277,30,French
src2_1447,American,0.192,14,American
src2_145,Dessert,0.235,1,Dessert
src2_1454,French,0.35,10,French
src2_1457,American,0.431,13,American
src2_1458,American,0.219,30,American
src2_1459,Levantine,0.179,9,Levantine
src2_146,Dessert,0.261,1,Dessert
src2_1460,Other,0.239,9,Other
src2_1461,Dessert,0.199,2,Dessert
src2_1467,Seafood,0.356,13,Seafood
src2_1469,Levantine,0.242,6,Levantine
src2_1470,Other,0.269,11,Other
src2_1471,Italian,0.312,19,Italian
src2_1472,Levantine,0.226,6,Levantine
src2_1473,American,0.219,7,American
src2_1474,American,0.474,19,American
src2_1480,Other,0.308,30,Other
src2_1481,Levantine,0.188,3,Levantine
src2_1482,American,0.311,16,American
src2_1483,American,0.289,30,American
src2_1487,Other,0.251,30,Other
src2_1491,Levantine,0.287,30,Levantine
src2_1494,Levantine,0.69,25,Levantine
src2_1499,Italian,0.234,23,Italian
src2_1500,Levantine,0.581,18,Levantine
src2_1501,Dessert,0.542,5,Dessert
src2_1503,Dessert,0.359,2,Dessert
src2_1505,Dessert,0.403,30,Dessert
src2_1506,Levantine,0.645,30,Levantine
src2_1507,Levantine,0.396,30,Levantine
src2_1508,Pizza,0.342,1,Pizza
src2_1509,Levantine,0.416,30,Levantine
src2_1512,Levantine,0.342,30,Levantine
src2_1513,Other,0.267,30,Other
src2_1514,Other,0.566,30,Other
src2_1516,Other,0.223,30,Other
src2_1517,Other,0.645,30,Other
src2_152,Levantine,0.198,7,Levantine
src2_1520,Levantine,0.274,6,Levantine
src2_1522,French,0.359,30,French
src2_1523,Other,0.283,10,Other
src2_1527,Levantine,0.276,2,Levantine
src2_1528,Italian,0.317,1,Italian
src2_153,American,0.273,3,American
src2_1530,Dessert,0.2,30,Dessert
src2_1534,Dessert,0.217,7,Dessert
src2_1537,Levantine,0.366,5,Levantine
src2_1541,American,0.241,30,American
src2_1542,American,0.314,9,American
src2_1543,American,0.516,30,American
src2_1545,Fast food,0.562,30,Fast food
src2_1546,Levantine,0.198,2,Levantine
src2_1547,Dessert,0.257,1,Dessert
src2_1549,French,0.224,23,French
src2_155,Levantine,0.242,1,Levantine
src2_1552,Italian,0.21,30,Italian
src2_1553,Levantine,0.285,30,Levantine
src2_1554,Levantine,0.197,1,Levantine
src2_1559,Dessert,0.212,8,Dessert
src2_156,Dessert,0.224,13,Dessert
src2_1562,Italian,0.844,15,Italian
src2_1565,Other,0.239,3,Other
src2_1567,American,0.531,8,American
src2_1569,French,0.225,10,French
src2_1572,Other,0.454,12,Other
src2_1577,Seafood,0.2,8,Seafood
src2_1579,Levantine,0.348,1,Levantine
src2_1580,Levantine,0.217,10,Levantine
src2_1582,Seafood,0.435,9,Seafood
src2_1584,Seafood,0.248,1,Seafood
src2_1591,French,0.228,15,French
src2_1594,Fast food,0.438,30,Fast food
src2_1596,American,0.342,4,American
src2_160,Levantine,0.284,11,Levantine
src2_1600,Levantine,0.269,11,Levantine
src2_1602,American,0.322,30,American
src2_1604,Other,0.2,15,Other
src2_1608,American,0.383,11,American
src2_1609,Levantine,0.528,14,Levantine
src2_1610,Levantine,0.509,30,Levantine
src2_1614,Levantine,0.228,2,Levantine
src2_162,Levantine,0.348,30,Levantine
src2_1620,Fast food,0.239,9,Fast food
src2_1627,American,0.232,14,American
src2_1628,Dessert,0.66,10,Dessert
src2_163,Levantine,0.318,30,Levantine
src2_1632,American,0.194,30,American
src2_1635,Levantine,0.405,30,Levantine
src2_164,Levantine,0.303,30,Levantine
src2_1640,Dessert,0.376,11,Dessert
src2_1641,Dessert,0.568,2,Dessert
src2_1644,Dessert,0.486,1,Dessert
src2_1646,Dessert,0.182,8,Dessert
src2_1648,Dessert,0.285,7,Dessert
src2_1653,Dessert,0.785,30,Dessert
src2_166,Other,0.245,30,Other
src2_1663,Dessert,0.501,25,Dessert
src2_1667,Dessert,0.806,30,Dessert
src2_1668,American,0.405,30,American
src2_167,Levantine,0.435,8,Levantine
src2_1672,Levantine,0.292,30,Levantine
src2_1676,Levantine,0.287,30,Levantine
src2_1682,Levantine,0.651,15,Levantine
src2_1683,Italian,0.566,17,Italian
src2_1684,Italian,0.42,14,Italian
src2_1687,Other,0.442,3,Other
src2_1688,Levantine,0.188,9,Levantine
src2_1693,Dessert,0.381,17,Dessert
src2_1697,Other,0.478,19,Other
src2_1698,Dessert,0.181,1,Dessert
src2_1699,Levantine,0.447,30,Levantine
src2_1701,Levantine,0.382,18,Levantine
src2_1702,Fast food,0.455,30,Fast food
src2_1704,Pizza,0.276,3,Pizza
src2_1707,Levantine,0.288,24,Levantine
src2_171,Italian,0.187,22,Italian
src2_1710,American,0.659,30,American
src2_1716,Levantine,0.343,21,Levantine
src2_1718,American,0.297,6,American
src2_1719,Dessert,0.345,30,Dessert
src2_172,Other,0.433,30,Other
src2_1722,Other,0.175,2,Other
src2_1723,American,0.342,30,American
src2_1724,Levantine,0.255,23,Levantine
src2_1725,Seafood,0.477,3,Seafood
src2_1727,French,0.214,10,French
src2_173,Seafood,0.67,16,Seafood
src2_1730,Dessert,0.183,1,Dessert
src2_1734,Dessert,0.379,16,Dessert
src2_1735,Dessert,0.29,3,Dessert
src2_1738,Dessert,0.317,16,Dessert
src2_1739,Other,0.208,14,Other
src2_1740,Other,0.4,7,Other
src2_1741,Other,0.25,19,Other
src2_1744,Dessert,0.314,5,Dessert
src2_175,Dessert,0.398,18,Dessert
src2_1750,Seafood,0.29,1,Seafood
src2_1751,American,0.19,4,American
src2_1755,Dessert,0.216,11,Dessert
src2_1756,American,0.222,6,American
src2_1757,Seafood,0.216,12,Seafood
src2_1759,Dessert,0.233,5,Dessert
src2_176,Levantine,0.182,2,Levantine
src2_1762,Levantine,0.15,30,Levantine
src2_1763,Italian,0.212,12,Italian
src2_1764,Dessert,0.29,8,Dessert
src2_1765,Dessert,0.203,8,Dessert
src2_1767,Other,0.244,18,Other
src2_1771,Levantine,0.319,7,Levantine
src2_1780,Dessert,0.254,1,Dessert
src2_1781,French,0.192,15,French
src2_1787,American,0.316,1,American
src2_1789,Levantine,0.431,11,Levantine
src2_179,Pizza,0.81,20,Pizza
src2_1792,Dessert,0.669,12,Dessert
src2_1796,Other,0.634,17,Other
src2_1798,Dessert,0.221,4,Dessert
src2_180,Pizza,0.439,16,Pizza
src2_1800,French,0.645,10,French
src2_1803,Dessert,0.201,4,Dessert
src2_1804,Dessert,0.268,1,Dessert
src2_1805,Other,0.314,30,Other
src2_1806,French,0.584,1,French
src2_1808,French,0.714,30,French
src2_181,Levantine,0.583,30,Levantine
src2_1810,American,0.441,30,American
src2_1815,Other,0.237,10,Other
src2_1816,Dessert,0.487,19,Dessert
src2_1819,Dessert,0.843,30,Dessert
src2_1820,Dessert,0.651,10,Dessert
src2_1822,Levantine,0.239,1,Levantine
src2_1823,American,0.363,10,American
src2_1825,American,0.345,3,American
src2_1828,French,0.599,14,French
src2_183,Levantine,0.341,25,Levantine
src2_1833,Seafood,0.253,8,Seafood
src2_1835,Dessert,0.696,2,Dessert
src2_1837,Dessert,0.777,30,Dessert
src2_1838,Dessert,0.25,3,Dessert
src2_1840,American,0.51,30,American
src2_1841,Levantine,0.234,25,Levantine
src2_1849,American,0.319,2,American
src2_1850,American,0.399,30,American
src2_1859,American,0.461,30,American
src2_1861,Dessert,0.337,22,Dessert
src2_1862,Dessert,0.335,17,Dessert
src2_1863,Dessert,0.283,13,Dessert
src2_1864,Levantine,0.258,3,Levantine
src2_1866,Dessert,0.816,7,Dessert
src2_1867,Dessert,0.282,30,Dessert
src2_1868,Pizza,0.437,17,Pizza
src2_1870,French,0.306,30,French
src2_1871,Levantine,0.265,8,Levantine
src2_1873,Dessert,0.283,30,Dessert
src2_1874,Dessert,0.267,30,Dessert
src2_1875,Levantine,0.228,2,Levantine
src2_1876,Pizza,0.22,15,Pizza
src2_1878,Dessert,0.409,4,Dessert
src2_1879,Dessert,0.343,11,Dessert
src2_188,Seafood,0.753,30,Seafood
src2_1880,Dessert,0.403,1,Dessert
src2_1881,Dessert,0.269,4,Dessert
src2_1885,Italian,0.187,30,Italian
src2_1887,Levantine,0.205,1,Levantine
src2_1889,Dessert,0.632,17,Dessert
src2_189,Levantine,0.633,12,Levantine
src2_1893,Levantine,0.214,2,Levantine
src2_1895,American,0.262,21,American
src2_1896,Fast food,0.336,30,Fast food
src2_1898,Seafood,0.283,1,Seafood
src2_190,Levantine,0.341,4,Levantine
src2_1900,Other,0.231,4,Other
src2_1902,Other,0.385,1,Other
src2_1904,Dessert,0.684,4,Dessert
src2_1907,Levantine,0.352,1,Levantine
src2_1909,Dessert,0.268,1,Dessert
src2_191,Levantine,0.747,15,Levantine
src2_1912,Other,0.272,30,Other
src2_1922,American,0.221,14,American
src2_1923,Seafood,0.222,2,Seafood
src2_1924,American,0.381,30,American
src2_1927,Dessert,0.335,2,Dessert
src2_1930,Other,0.223,12,Other
src2_1931,Levantine,0.191,3,Levantine
src2_1933,American,0.18,26,American
src2_1937,American,0.215,2,American
src2_1938,Dessert,0.257,1,Dessert
src2_1939,Levantine,0.202,2,Levantine
src2_194,Seafood,0.277,2,Seafood
src2_1945,Seafood,0.3,1,Seafood
src2_195,Levantine,0.315,2,Levantine
src2_1953,Levantine,0.2,2,Levantine
src2_1954,Levantine,0.725,30,Levantine
src2_1955,Levantine,0.415,3,Levantine
src2_1958,Other,0.403,16,Other
src2_1959,American,0.267,1,American
src2_196,Levantine,0.248,11,Levantine
src2_1964,Levantine,0.242,1,Levantine
src2_1965,American,0.338,30,American
src2_1967,French,0.205,30,French
src2_1969,Levantine,0.257,12,Levantine
src2_1970,Levantine,0.367,15,Levantine
src2_1971,American,0.26,2,American
src2_1974,Levantine,0.218,2,Levantine
src2_1978,American,0.195,20,American
src2_1979,Levantine,0.211,3,Levantine
src2_1980,Levantine,0.315,30,Levantine
src2_1982,Levantine,0.285,3,Levantine
src2_1983,Seafood,0.29,1,Seafood
src2_1984,Fast food,0.353,3,Fast food
src2_1985,French,0.423,2,French
src2_1989,American,0.377,10,American
src2_199,Levantine,0.364,12,Levantine
src2_1990,American,0.26,8,American
src2_1991,Dessert,0.331,10,Dessert
src2_1994,American,0.445,30,American
src2_1996,Levantine,0.192,8,Levantine
src2_1998,Dessert,0.219,3,Dessert
src2_2001,Seafood,0.229,5,Seafood
src2_2002,Dessert,0.56,20,Dessert
src2_2015,Pizza,0.498,30,Pizza
src2_2016,Pizza,0.558,30,Pizza
src2_2017,Other,0.216,9,Other
src2_2019,Dessert,0.467,30,Dessert
src2_202,Other,0.501,5,Other
src2_2024,Levantine,0.396,2,Levantine
src2_2025,Dessert,0.696,10,Dessert
src2_2027,Dessert,0.675,30,Dessert
src2_2029,Levantine,0.305,16,Levantine
src2_203,Fast food,0.482,30,Fast food
src2_2035,Pizza,0.184,3,Pizza
src2_2036,Levantine,0.266,1,Levantine
src2_2037,Dessert,0.205,8,Dessert
src2_2038,Levantine,0.73,28,Levantine
src2_2046,Seafood,0.361,14,Seafood
src2_2048,Levantine,0.292,30,Levantine
src2_2051,Italian,0.193,1,Italian
src2_2052,Dessert,0.367,19,Dessert
src2_2056,Levantine,0.542,14,Levantine
src2_2057,Levantine,0.303,13,Levantine
src2_206,American,0.164,8,American
src2_2060,French,0.347,2,French
src2_2061,Other,0.288,30,Other
src2_2062,American,0.25,30,American
src2_2063,Seafood,0.167,8,Seafood
src2_2064,Other,0.225,11,Other
src2_2068,Dessert,0.519,17,Dessert
src2_207,Levantine,0.407,6,Levantine
src2_2070,Dessert,0.2,1,Dessert
src2_2075,French,0.603,1,French
src2_2079,Dessert,0.237,24,Dessert
src2_208,American,0.222,1,American
src2_2081,Pizza,0.473,30,Pizza
src2_2084,Dessert,0.59,30,Dessert
src2_2085,American,0.253,8,American
src2_2086,American,0.424,30,American
src2_2088,French,0.33,11,French
src2_2089,American,0.254,30,American
src2_209,Seafood,0.442,2,Seafood
src2_2091,Fast food,0.223,2,Fast food
src2_2092,American,0.404,14,American
src2_2095,Pizza,0.524,16,Pizza
src2_2097,Italian,0.242,2,Italian
src2_2099,American,0.32,9,American
src2_210,Seafood,0.705,30,Seafood
src2_2101,Levantine,0.155,6,Levantine
src2_2105,Dessert,0.28,30,Dessert
src2_2109,French,0.38,30,French
src2_2118,Levantine,0.357,19,Levantine
src2_2120,French,0.331,30,French
src2_2124,Levantine,0.357,12,Levantine
src2_2126,Levantine,0.224,3,Levantine
src2_213,Levantine,0.728,30,Levantine
src2_2132,Levantine,0.346,25,Levantine
src2_2135,Levantine,0.844,30,Levantine
src2_2138,American,0.285,3,American
src2_2139,Pizza,0.474,30,Pizza
src2_2147,Levantine,0.504,30,Levantine
src2_2153,Pizza,0.167,1,Pizza
src2_2154,Dessert,0.278,1,Dessert
src2_2156,American,0.216,1,American
src2_2157,Levantine,0.246,1,Levantine
src2_2159,Dessert,0.417,19,Dessert
src2_2161,Levantine,0.396,15,Levantine
src2_2162,Other,0.498,30,Other
src2_2163,Levantine,0.384,18,Levantine
src2_2164,Levantine,0.317,2,Levantine
src2_2165,Seafood,0.645,28,Seafood
src2_2166,Other,0.205,1,Other
src2_217,Levantine,0.422,1,Levantine
src2_2172,Levantine,0.239,3,Levantine
src2_2174,Dessert,0.253,8,Dessert
src2_2176,Levantine,0.702,30,Levantine
src2_218,Levantine,0.629,30,Levantine
src2_2189,Levantine,0.183,30,Levantine
src2_219,Pizza,0.548,29,Pizza
src2_2193,French,0.466,11,French
src2_2194,Levantine,0.665,30,Levantine
src2_2197,Dessert,0.229,3,Dessert
src2_2198,Seafood,0.29,1,Seafood
src2_2199,Dessert,0.25,1,Dessert
src2_220,Pizza,0.184,1,Pizza
src2_2201,Other,0.304,18,Other
src2_2202,Other,0.259,7,Other
src2_2204,Other,0.299,2,Other
src2_2205,Other,0.265,4,Other
src2_2208,Other,0.512,30,Other
src2_2209,American,0.25,6,American
src2_2210,Dessert,0.263,3,Dessert
src2_2212,Levantine,0.415,3,Levantine
src2_2214,American,0.469,30,American
src2_2216,American,0.222,1,American
src2_2217,Other,0.271,25,Other
src2_2218,Dessert,0.572,8,Dessert
src2_2219,Levantine,0.19,24,Levantine
src2_222,Levantine,0.232,20,Levantine
src2_2223,Levantine,0.382,4,Levantine
src2_2225,American,0.204,1,American
src2_2226,Levantine,0.26,8,Levantine
src2_2227,Levantine,0.259,30,Levantine
src2_2229,American,0.361,5,American
src2_2231,American,0.44,22,American
src2_2235,Fast food,0.429,12,Fast food
src2_2238,Fast food,0.212,2,Fast food
src2_2240,Dessert,0.331,23,Dessert
src2_2241,Italian,0.192,22,Italian
src2_2242,Levantine,0.213,7,Levantine
src2_2247,Fast food,0.265,30,Fast food
src2_225,Levantine,0.523,30,Levantine
src2_2254,Jewish,0.905,12,Jewish
src2_2257,Levantine,0.353,1,Levantine
src2_2259,Jewish,0.584,2,Jewish
src2_2263,Jewish,0.962,25,Jewish
src2_2268,Jewish,0.943,8,Jewish
src2_2269,Levantine,0.456,30,Levantine
src2_2272,Jewish,0.693,30,Jewish
src2_2290,Seafood,0.36,2,Seafood
src2_2294,Fast food,0.425,30,Fast food
src2_2295,Jewish,0.904,30,Jewish
src2_2313,Seafood,0.29,1,Seafood
src2_2314,Dessert,0.249,1,Dessert
src2_2316,Jewish,0.888,30,Jewish
src2_2317,Dessert,0.193,1,Dessert
src2_2318,Seafood,0.284,7,Seafood
src2_232,Pizza,0.45,30,Pizza
src2_2324,Fast food,0.459,30,Fast food
src2_2325,Other,0.44,30,Other
src2_2326,Levantine,0.355,29,Levantine
src2_2327,Seafood,0.264,3,Seafood
src2_2328,Other,0.242,2,Other
src2_2330,Levantine,0.432,16,Levantine
src2_2331,Seafood,0.195,6,Seafood
src2_2336,American,0.506,19,American
src2_2338,Levantine,0.794,21,Levantine
src2_2339,Levantine,0.255,2,Levantine
src2_2340,Levantine,0.349,21,Levantine
src2_2341,Levantine,0.219,10,Levantine
src2_2342,Levantine,0.489,4,Levantine
src2_2343,Levantine,0.728,30,Levantine
src2_2347,Levantine,0.247,1,Levantine
src2_2349,Levantine,0.365,1,Levantine
src2_2352,Levantine,0.292,13,Levantine
src2_2354,American,0.376,4,American
src2_2356,Other,0.322,21,Other
src2_2357,Seafood,0.221,7,Seafood
src2_2358,Levantine,0.216,16,Levantine
src2_2360,Levantine,0.667,23,Levantine
src2_2362,French,0.29,13,French
src2_2365,Levantine,0.215,8,Levantine
src2_2366,Dessert,0.219,1,Dessert
src2_2370,Levantine,0.187,1,Levantine
src2_2373,American,0.256,30,American
src2_2378,Dessert,0.281,5,Dessert
src2_2382,American,0.503,9,American
src2_2386,Fast food,0.316,4,Fast food
src2_2387,Seafood,0.391,10,Seafood
src2_2389,American,0.198,2,American
src2_2390,Fast food,0.245,1,Fast food
src2_2394,American,0.317,11,American
src2_2395,Levantine,0.196,22,Levantine
src2_2396,Other,0.466,30,Other
src2_240,Other,0.241,30,Other
src2_2400,Levantine,0.202,13,Levantine
src2_2401,Dessert,0.267,30,Dessert
src2_2404,Other,0.281,30,Other
src2_2407,Dessert,0.629,2,Dessert
src2_2409,Seafood,0.646,30,Seafood
src2_2412,Dessert,0.166,2,Dessert
src2_2413,American,0.256,10,American
src2_2419,Levantine,0.183,3,Levantine
src2_2421,Levantine,0.333,10,Levantine
src2_2423,Seafood,0.29,1,Seafood
src2_2424,American,0.302,11,American
src2_2426,American,0.316,30,American
src2_243,Levantine,0.359,30,Levantine
src2_2433,Seafood,0.29,1,Seafood
src2_2435,Levantine,0.39,11,Levantine
src2_2436,Levantine,0.326,10,Levantine
src2_2437,Pizza,0.564,1,Pizza
src2_2438,Levantine,0.191,3,Levantine
src2_244,Levantine,0.317,9,Levantine
src2_2440,Pizza,0.238,9,Pizza
src2_2441,Levantine,0.351,12,Levantine
src2_2442,Pizza,0.354,8,Pizza
src2_2443,Levantine,0.318,2,Levantine
src2_2445,Pizza,0.552,10,Pizza
src2_2447,Levantine,0.445,18,Levantine
src2_2448,Dessert,0.211,1,Dessert
src2_2449,Levantine,0.455,1,Levantine
src2_2451,American,0.329,30,American
src2_2452,Pizza,0.454,29,Pizza
src2_2453,Levantine,0.42,6,Levantine
src2_2455,Levantine,0.744,19,Levantine
src2_2456,Levantine,0.519,6,Levantine
src2_2458,Levantine,0.515,3,Levantine
src2_2459,Levantine,0.362,2,Levantine
src2_2466,Dessert,0.386,15,Dessert
src2_2467,Fast food,0.426,30,Fast food
src2_2468,American,0.203,3,American
src2_2475,Levantine,0.256,2,Levantine
src2_2476,Fast food,0.281,30,Fast food
src2_2477,French,0.419,7,French
src2_248,Pizza,0.565,11,Pizza
src2_2483,Levantine,0.218,29,Levantine
src2_2484,Seafood,0.29,1,Seafood
src2_2485,French,0.367,11,French
src2_2488,Dessert,0.248,1,Dessert
src2_249,Dessert,0.383,12,Dessert
src2_2490,American,0.2,30,American
src2_2497,American,0.31,2,American
src2_2498,Fast food,0.333,9,Fast food
src2_250,Levantine,0.39,30,Levantine
src2_2500,Dessert,0.798,30,Dessert
src2_2502,Dessert,0.781,30,Dessert
src2_2505,Dessert,0.83,3,Dessert
src2_2509,Other,0.388,15,Other
src2_2512,American,0.196,24,American
src2_2514,Pizza,0.504,30,Pizza
src2_2515,Pizza,0.227,7,Pizza
src2_2516,Other,0.365,30,Other
src2_2517,Levantine,0.245,30,Levantine
src2_252,Levantine,0.42,30,Levantine
src2_2521,Pizza,0.608,4,Pizza
src2_2522,Levantine,0.418,4,Levantine
src2_2523,American,0.176,5,American
src2_2524,Pizza,0.451,15,Pizza
src2_2527,Pizza,0.307,1,Pizza
src2_2528,Pizza,0.609,15,Pizza
src2_2529,Dessert,0.191,1,Dessert
src2_253,Levantine,0.28,2,Levantine
src2_2530,Seafood,0.261,1,Seafood
src2_2533,Pizza,0.58,8,Pizza
src2_2535,American,0.215,11,American
src2_2536,Pizza,0.553,14,Pizza
src2_2537,Pizza,0.581,6,Pizza
src2_2538,Pizza,0.457,1,Pizza
src2_254,Levantine,0.405,30,Levantine
src2_2543,Pizza,0.513,9,Pizza
src2_2545,Levantine,0.341,1,Levantine
src2_2546,Pizza,0.317,25,Pizza
src2_255,Pizza,0.425,20,Pizza
src2_2553,Levantine,0.467,1,Levantine
src2_2555,Pizza,0.407,13,Pizza
src2_2559,Levantine,0.307,1,Levantine
src2_2560,French,0.446,2,French
src2_2561,Pizza,0.524,2,Pizza
src2_2565,Pizza,0.254,1,Pizza
src2_2566,Pizza,0.418,5,Pizza
src2_2568,Pizza,0.421,9,Pizza
src2_2569,Levantine,0.453,1,Levantine
src2_2571,Pizza,0.52,15,Pizza
src2_2572,Levantine,0.223,11,Levantine
src2_2573,Seafood,0.229,3,Seafood
src2_2574,Pizza,0.513,4,Pizza
src2_2578,Pizza,0.244,1,Pizza
src2_2579,Levantine,0.414,13,Levantine
src2_258,Levantine,0.217,9,Levantine
src2_2580,Pizza,0.641,1,Pizza
src2_2584,Levantine,0.305,4,Levantine
src2_2585,Levantine,0.693,30,Levantine
src2_2587,Pizza,0.517,1,Pizza
src2_2588,Pizza,0.776,15,Pizza
src2_259,Levantine,0.621,30,Levantine
src2_2592,Dessert,0.518,2,Dessert
src2_2593,Levantine,0.275,1,Levantine
src2_2595,Levantine,0.249,15,Levantine
src2_2596,Pizza,0.431,16,Pizza
src2_2597,Pizza,0.325,2,Pizza
src2_2598,Pizza,0.387,1,Pizza
src2_2600,Pizza,0.283,5,Pizza
src2_2604,Levantine,0.454,2,Levantine
src2_2606,Pizza,0.588,11,Pizza
src2_261,Levantine,0.387,4,Levantine
src2_2610,Pizza,0.399,2,Pizza
src2_2612,Pizza,0.312,7,Pizza
src2_2615,Levantine,0.437,9,Levantine
src2_2616,Pizza,0.857,3,Pizza
src2_2619,Levantine,0.376,1,Levantine
src2_262,Dessert,0.286,8,Dessert
src2_2621,Pizza,0.554,4,Pizza
src2_2625,Dessert,0.221,2,Dessert
src2_2626,Pizza,0.456,19,Pizza
src2_2628,Levantine,0.28,2,Levantine
src2_2640,Pizza,0.715,4,Pizza
src2_2642,Pizza,0.805,9,Pizza
src2_2644,Pizza,0.351,11,Pizza
src2_2646,Levantine,0.246,2,Levantine
src2_2648,American,0.268,30,American
src2_2651,Levantine,0.37,4,Levantine
src2_2652,Levantine,0.442,5,Levantine
src2_2655,Pizza,0.766,9,Pizza
src2_2660,Levantine,0.268,1,Levantine
src2_2662,Levantine,0.306,30,Levantine
src2_2664,American,0.153,16,American
src2_2667,Other,0.526,23,Other
src2_2670,Italian,0.163,12,Italian
src2_2671,Levantine,0.188,7,Levantine
src2_2681,Levantine,0.443,30,Levantine
src2_2682,Seafood,0.21,4,Seafood
src2_2683,French,0.516,7,French
src2_2687,Levantine,0.459,30,Levantine
src2_2694,American,0.172,15,American
src2_2697,Levantine,0.278,11,Levantine
src2_2698,Levantine,0.358,7,Levantine
src2_270,Italian,0.524,9,Italian
src2_2700,Dessert,0.242,15,Dessert
src2_2701,Levantine,0.273,30,Levantine
src2_2702,Italian,0.655,30,Italian
src2_2707,French,0.208,12,French
src2_2709,Dessert,0.638,5,Dessert
src2_2712,Levantine,0.161,1,Levantine
src2_2716,American,0.673,30,American
src2_2718,Seafood,0.255,1,Seafood
src2_2720,Levantine,0.516,10,Levantine
src2_2723,Levantine,0.514,20,Levantine
src2_2728,French,0.192,8,French
src2_2733,American,0.243,13,American
src2_2734,Levantine,0.399,30,Levantine
src2_2737,Seafood,0.61,30,Seafood
src2_2739,Levantine,0.24,30,Levantine
src2_274,Levantine,0.496,30,Levantine
src2_2740,Seafood,0.29,1,Seafood
src2_2743,Levantine,0.269,30,Levantine
src2_2744,Dessert,0.261,2,Dessert
src2_2745,American,0.227,30,American
src2_2748,American,0.334,30,American
src2_275,Levantine,0.642,17,Levantine
src2_2754,French,0.568,6,French
src2_2757,Levantine,0.361,5,Levantine
src2_2758,Seafood,0.264,4,Seafood
src2_276,Levantine,0.375,29,Levantine
src2_2761,Levantine,0.157,5,Levantine
src2_2762,Levantine,0.243,11,Levantine
src2_2763,Fast food,0.407,30,Fast food
src2_2764,Other,0.245,6,Other
src2_2765,French,0.201,13,French
src2_2766,Levantine,0.276,9,Levantine
src2_2767,Levantine,0.228,11,Levantine
src2_277,Dessert,0.508,30,Dessert
src2_2770,Seafood,0.29,1,Seafood
src2_2774,Levantine,0.202,4,Levantine
src2_2776,Fast food,0.465,17,Fast food
src2_2777,Other,0.318,1,Other
src2_278,Dessert,0.564,30,Dessert
src2_2781,Levantine,0.281,4,Levantine
src2_2782,American,0.382,14,American
src2_2785,American,0.392,30,American
src2_2792,Seafood,0.6,30,Seafood
src2_2794,Seafood,0.278,2,Seafood
src2_2797,Levantine,0.493,24,Levantine
src2_2802,Levantine,0.274,4,Levantine
src2_2803,Levantine,0.607,30,Levantine
src2_2808,Seafood,0.316,3,Seafood
src2_2809,Seafood,0.245,2,Seafood
src2_2810,Levantine,0.291,30,Levantine
src2_2812,Dessert,0.309,1,Dessert
src2_2813,Dessert,0.367,4,Dessert
src2_2814,Dessert,0.224,7,Dessert
src2_2815,Other,0.224,30,Other
src2_2817,Dessert,0.587,30,Dessert
src2_2818,Dessert,0.387,30,Dessert
src2_2819,Seafood,0.29,2,Seafood
src2_282,Levantine,0.612,30,Levantine
src2_2820,Seafood,0.266,8,Seafood
src2_2821,Levantine,0.447,30,Levantine
src2_2822,Pizza,0.332,22,Pizza
src2_2825,Seafood,0.275,1,Seafood
src2_2828,Other,0.181,1,Other
src2_2829,French,0.22,8,French
src2_2831,Other,0.514,28,Other
src2_2834,Other,0.241,20,Other
src2_2839,Levantine,0.306,7,Levantine
src2_284,Dessert,0.349,14,Dessert
src2_2842,French,0.476,12,French
src2_2844,Levantine,0.276,30,Levantine
src2_2846,Seafood,0.29,1,Seafood
src2_2848,Other,0.413,30,Other
src2_2849,Levantine,0.438,1,Levantine
src2_2853,American,0.403,12,American
src2_2854,Other,0.185,7,Other
src2_2858,Levantine,0.458,25,Levantine
src2_2860,Levantine,0.176,2,Levantine
src2_2862,American,0.17,5,American
src2_2870,Seafood,0.396,30,Seafood
src2_2872,Levantine,0.437,30,Levantine
src2_2874,Seafood,0.267,1,Seafood
src2_2875,American,0.508,30,American
src2_2877,Levantine,0.223,2,Levantine
src2_2879,Seafood,0.213,7,Seafood
src2_2881,Levantine,0.696,8,Levantine
src2_2884,Pizza,0.598,18,Pizza
src2_289,Levantine,0.191,9,Levantine
src2_2895,Seafood,0.351,1,Seafood
src2_2897,American,0.264,7,American
src2_2901,Dessert,0.849,4,Dessert
src2_2904,American,0.382,8,American
src2_2907,Dessert,0.265,3,Dessert
src2_291,Dessert,0.202,1,Dessert
src2_2912,Dessert,0.656,12,Dessert
src2_2913,Fast food,0.216,1,Fast food
src2_2915,Levantine,0.235,2,Levantine
src2_2916,Dessert,0.314,1,Dessert
src2_2923,Dessert,0.355,30,Dessert
src2_2927,Dessert,0.837,9,Dessert
src2_293,Levantine,0.219,2,Levantine
src2_2935,Dessert,0.252,30,Dessert
src2_2937,Levantine,0.387,1,Levantine
src2_2938,Levantine,0.47,4,Levantine
src2_294,Pizza,0.807,13,Pizza
src2_2941,American,0.309,30,American
src2_2943,Seafood,0.267,3,Seafood
src2_2944,Other,0.177,11,Other
src2_2945,Levantine,0.217,2,Levantine
src2_2949,Other,0.294,30,Other
src2_295,Levantine,0.342,6,Levantine
src2_2953,Fast food,0.246,5,Fast food
src2_2955,Italian,0.251,21,Italian
src2_2960,Levantine,0.304,10,Levantine
src2_2963,Seafood,0.255,4,Seafood
src2_2967,Levantine,0.225,30,Levantine
src2_2968,Pizza,0.405,30,Pizza
src2_2969,French,0.212,10,French
src2_297,Levantine,0.321,4,Levantine
src2_2970,Dessert,0.274,1,Dessert
src2_2972,Other,0.524,22,Other
src2_2973,Levantine,0.21,4,Levantine
src2_2974,Fast food,0.196,1,Fast food
src2_2979,Levantine,0.319,30,Levantine
src2_298,Levantine,0.44,17,Levantine
src2_2981,Levantine,0.289,30,Levantine
src2_2982,Levantine,0.268,30,Levantine
src2_2985,Levantine,0.197,1,Levantine
src2_2986,Dessert,0.204,6,Dessert
src2_2987,Levantine,0.249,30,Levantine
src2_2988,Levantine,0.282,16,Levantine
src2_2990,Dessert,0.273,10,Dessert
src2_2998,Dessert,0.785,30,Dessert
src2_3000,Levantine,0.196,9,Levantine
src2_3001,Italian,0.347,30,Italian
src2_3005,French,0.313,18,French
src2_3007,Pizza,0.347,30,Pizza
src2_301,Pizza,0.865,4,Pizza
src2_3010,Other,0.279,23,Other
src2_3015,Levantine,0.174,4,Levantine
src2_3016,Other,0.434,30,Other
src2_3018,American,0.203,3,American
src2_302,Levantine,0.317,7,Levantine
src2_3022,Levantine,0.739,30,Levantine
src2_3023,Levantine,0.218,5,Levantine
src2_3025,American,0.221,13,American
src2_3026,American,0.21,2,American
src2_3032,Italian,0.184,16,Italian
src2_3033,French,0.42,8,French
src2_3035,Levantine,0.272,5,Levantine
src2_3036,Dessert,0.582,14,Dessert
src2_3039,Seafood,0.412,2,Seafood
src2_3040,Other,0.694,30,Other
src2_3042,Levantine,0.265,30,Levantine
src2_3046,Levantine,0.524,21,Levantine
src2_3047,Levantine,0.257,28,Levantine
src2_3049,French,0.236,30,French
src2_3051,Fast food,0.425,1,Fast food
src2_3058,American,0.259,6,American
src2_3060,Seafood,0.226,5,Seafood
src2_3063,Levantine,0.248,2,Levantine
src2_3065,Dessert,0.208,5,Dessert
src2_3066,Other,0.198,4,Other
src2_3067,Italian,0.179,4,Italian
src2_3068,Levantine,0.342,12,Levantine
src2_3070,French,0.609,1,French
src2_3071,Seafood,0.194,3,Seafood
src2_3074,French,0.256,12,French
src2_3078,Pizza,0.48,1,Pizza
src2_3079,Dessert,0.636,16,Dessert
src2_3080,Levantine,0.31,1,Levantine
src2_3086,Levantine,0.413,2,Levantine
src2_3087,Levantine,0.641,30,Levantine
src2_3088,Levantine,0.206,1,Levantine
src2_3089,Levantine,0.52,15,Levantine
src2_3090,American,0.305,4,American
src2_3092,Other,0.191,1,Other
src2_3095,Other,0.318,30,Other
src2_3099,Levantine,0.331,19,Levantine
src2_3101,Other,0.419,2,Other
src2_3103,Dessert,0.328,5,Dessert
src2_3104,Dessert,0.233,30,Dessert
src2_3113,French,0.426,30,French
src2_3115,Levantine,0.313,3,Levantine
src2_3116,Dessert,0.162,6,Dessert
src2_3124,Levantine,0.217,30,Levantine
src2_3125,French,0.242,30,French
src2_3127,Levantine,0.332,7,Levantine
src2_3128,Dessert,0.602,4,Dessert
src2_3129,American,0.301,14,American
src2_3130,Levantine,0.219,6,Levantine
src2_3133,American,0.241,24,American
src2_3136,Levantine,0.393,30,Levantine
src2_314,Levantine,0.279,14,Levantine
src2_3144,Levantine,0.573,30,Levantine
src2_3150,Levantine,0.303,10,Levantine
src2_3151,Fast food,0.315,13,Fast food
src2_3152,Levantine,0.226,30,Levantine
src2_3158,Levantine,0.378,2,Levantine
src2_3159,Levantine,0.364,30,Levantine
src2_3161,Levantine,0.349,4,Levantine
src2_3162,Levantine,0.365,1,Levantine
src2_3165,Levantine,0.238,18,Levantine
src2_3167,Levantine,0.447,12,Levantine
src2_3168,Levantine,0.352,1,Levantine
src2_3171,Levantine,0.208,9,Levantine
src2_3173,Levantine,0.241,3,Levantine
src2_3184,Levantine,0.673,30,Levantine
src2_3189,Levantine,0.252,12,Levantine
src2_3193,Levantine,0.323,30,Levantine
src2_3196,American,0.19,15,American
src2_3197,French,0.321,1,French
src2_3201,Levantine,0.403,24,Levantine
src2_3204,Other,0.184,9,Other
src2_3207,Italian,0.274,4,Italian
src2_3211,Pizza,0.169,3,Pizza
src2_3212,Pizza,0.361,2,Pizza
src2_3215,Levantine,0.251,11,Levantine
src2_3217,Other,0.337,30,Other
src2_3221,Dessert,0.553,30,Dessert
src2_3222,Levantine,0.431,18,Levantine
src2_3228,Levantine,0.197,1,Levantine
src2_323,French,0.344,3,French
src2_3236,American,0.194,4,American
src2_3237,Other,0.238,30,Other
src2_3239,French,0.415,4,French
src2_3241,Seafood,0.211,1,Seafood
src2_3242,American,0.212,5,American
src2_3245,Pizza,0.502,11,Pizza
src2_3248,Pizza,0.347,14,Pizza
src2_3250,Dessert,0.491,30,Dessert
src2_3257,Levantine,0.22,1,Levantine
src2_326,French,0.385,3,French
src2_3266,Levantine,0.321,2,Levantine
src2_3267,Levantine,0.39,14,Levantine
src2_3268,Levantine,0.31,4,Levantine
src2_327,Dessert,0.83,16,Dessert
src2_3271,Levantine,0.484,30,Levantine
src2_3275,French,0.335,24,French
src2_3277,Seafood,0.29,1,Seafood
src2_3278,Pizza,0.44,30,Pizza
src2_3281,Dessert,0.252,1,Dessert
src2_3282,Dessert,0.247,6,Dessert
src2_3284,Jewish,0.867,15,Jewish
src2_3287,Dessert,0.257,2,Dessert
src2_3289,Seafood,0.361,1,Seafood
src2_3291,Levantine,0.416,17,Levantine
src2_3292,Other,0.303,3,Other
src2_3293,Seafood,0.333,7,Seafood
src2_3296,Jewish,0.574,3,Jewish
src2_3298,Levantine,0.316,20,Levantine
src2_3300,American,0.281,2,American
src2_3304,Dessert,0.248,1,Dessert
src2_3305,Levantine,0.251,8,Levantine
src2_3308,Levantine,0.237,6,Levantine
src2_3309,Fast food,0.178,6,Fast food
src2_3313,Levantine,0.246,9,Levantine
src2_3316,Fast food,0.269,30,Fast food
src2_3319,Italian,0.317,18,Italian
src2_3323,Levantine,0.217,1,Levantine
src2_3325,Dessert,0.625,4,Dessert
src2_3327,Dessert,0.61,1,Dessert
src2_3329,Dessert,0.785,10,Dessert
src2_333,Levantine,0.39,30,Levantine
src2_3333,Other,0.361,26,Other
src2_3334,Levantine,0.27,30,Levantine
src2_3337,Seafood,0.278,2,Seafood
src2_3339,Fast food,0.291,8,Fast food
src2_3341,Italian,0.192,2,Italian
src2_3342,Dessert,0.607,30,Dessert
src2_3343,Levantine,0.249,19,Levantine
src2_3350,Pizza,0.739,19,Pizza
src2_3351,Dessert,0.503,3,Dessert
src2_3354,Fast food,0.333,24,Fast food
src2_3355,Levantine,0.762,30,Levantine
src2_3356,Levantine,0.219,1,Levantine
src2_3359,Dessert,0.214,8,Dessert
src2_3360,French,0.635,6,French
src2_3362,Italian,0.237,30,Italian
src2_3364,Levantine,0.336,30,Levantine
src2_3366,Dessert,0.219,1,Dessert
src2_3368,Levantine,0.712,19,Levantine
src2_3369,French,0.43,10,French
src2_3370,French,0.362,1,French
src2_3371,American,0.377,12,American
src2_3377,Levantine,0.268,8,Levantine
src2_3378,Levantine,0.221,30,Levantine
src2_3382,French,0.406,30,French
src2_3383,Levantine,0.29,4,Levantine
src2_3384,Seafood,0.232,4,Seafood
src2_3386,French,0.694,13,French
src2_339,Other,0.389,4,Other
src2_3391,Levantine,0.16,5,Levantine
src2_3394,Seafood,0.427,12,Seafood
src2_3395,American,0.255,3,American
src2_3398,Levantine,0.259,8,Levantine
src2_3406,Levantine,0.218,3,Levantine
src2_341,Levantine,0.363,30,Levantine
src2_3410,French,0.229,30,French
src2_3411,Dessert,0.391,23,Dessert
src2_3416,Levantine,0.253,2,Levantine
src2_3418,American,0.231,30,American
src2_342,Levantine,0.446,30,Levantine
src2_3430,Other,0.428,21,Other
src2_3431,French,0.682,3,French
src2_3436,American,0.31,30,American
src2_3437,Levantine,0.446,2,Levantine
src2_3438,Levantine,0.23,2,Levantine
src2_3446,American,0.274,20,American
src2_3455,Seafood,0.522,23,Seafood
src2_3456,Dessert,0.217,1,Dessert
src2_3457,Seafood,0.257,8,Seafood
src2_3459,Fast food,0.248,3,Fast food
src2_346,Levantine,0.374,3,Levantine
src2_3460,Other,0.263,11,Other
src2_3461,Other,0.657,5,Other
src2_3469,Dessert,0.458,11,Dessert
src2_3471,Dessert,0.343,1,Dessert
src2_3472,Dessert,0.189,3,Dessert
src2_3477,Levantine,0.313,4,Levantine
src2_3482,Levantine,0.795,20,Levantine
src2_3490,Dessert,0.458,30,Dessert
src2_3491,Dessert,0.585,30,Dessert
src2_3492,French,0.226,13,French
src2_3493,Other,0.254,24,Other
src2_3494,Other,0.22,14,Other
src2_3496,Other,0.283,8,Other
src2_3499,Levantine,0.628,30,Levantine
src2_3500,American,0.307,30,American
src2_3508,Other,0.374,9,Other
src2_3509,Other,0.339,11,Other
src2_3510,Other,0.389,1,Other
src2_3513,American,0.273,18,American
src2_3519,American,0.29,30,American
src2_352,Levantine,0.283,17,Levantine
src2_3521,Seafood,0.171,8,Seafood
src2_3523,Dessert,0.234,4,Dessert
src2_3524,Dessert,0.622,30,Dessert
src2_3525,Pizza,0.467,15,Pizza
src2_3531,French,0.218,2,French
src2_3533,Dessert,0.233,5,Dessert
src2_3534,Dessert,0.179,4,Dessert
src2_3538,Seafood,0.744,30,Seafood
src2_3539,Seafood,0.832,8,Seafood
src2_354,Levantine,0.692,30,Levantine
src2_3540,Levantine,0.319,17,Levantine
src2_3542,Other,0.343,16,Other
src2_3544,Levantine,0.324,5,Levantine
src2_3549,Levantine,0.615,29,Levantine
src2_3552,Dessert,0.666,4,Dessert
src2_356,American,0.2,30,American
src2_3561,Levantine,0.199,12,Levantine
src2_3563,French,0.605,30,French
src2_3564,Dessert,0.257,1,Dessert
src2_3565,Italian,0.14,3,Italian
src2_357,Levantine,0.17,8,Levantine
src2_3572,Pizza,0.76,30,Pizza
src2_3575,Italian,0.204,1,Italian
src2_3578,Other,0.468,8,Other
src2_3580,Dessert,0.217,1,Dessert
src2_3581,Dessert,0.257,4,Dessert
src2_3584,Italian,0.202,26,Italian
src2_3586,American,0.318,8,American
src2_3591,French,0.452,2,French
src2_3592,Seafood,0.174,5,Seafood
src2_3595,Other,0.252,1,Other
src2_3597,Levantine,0.873,30,Levantine
src2_3601,Levantine,0.209,2,Levantine
src2_3610,American,0.461,30,American
src2_3611,Dessert,0.438,26,Dessert
src2_3613,French,0.443,30,French
src2_3615,American,0.301,30,American
src2_3621,American,0.29,18,American
src2_3622,Dessert,0.215,1,Dessert
src2_3623,Other,0.189,15,Other
src2_3624,Fast food,0.229,1,Fast food
src2_3628,Other,0.317,30,Other
src2_3629,Other,0.322,2,Other
src2_363,Levantine,0.508,30,Levantine
src2_3630,American,0.227,16,American
src2_3631,French,0.337,22,French
src2_3636,Other,0.272,6,Other
src2_3637,Levantine,0.536,1,Levantine
src2_3639,Dessert,0.207,1,Dessert
src2_3644,Levantine,0.2,8,Levantine
src2_3645,American,0.203,4,American
src2_3647,French,0.322,30,French
src2_3650,Dessert,0.283,15,Dessert
src2_3656,American,0.393,2,American
src2_3657,Fast food,0.257,3,Fast food
src2_3659,Other,0.259,30,Other
src2_366,Dessert,0.273,2,Dessert
src2_3661,Italian,0.514,4,Italian
src2_3671,Levantine,0.469,2,Levantine
src2_3673,American,0.446,30,American
src2_3675,French,0.544,7,French
src2_368,American,0.239,17,American
src2_3682,American,0.3,30,American
src2_3685,Other,0.516,9,Other
src2_3688,Other,0.317,13,Other
src2_3690,American,0.323,10,American
src2_3691,Seafood,0.214,5,Seafood
src2_3692,Italian,0.747,30,Italian
src2_3695,Levantine,0.36,14,Levantine
src2_3697,French,0.713,3,French
src2_3698,Other,0.398,11,Other
src2_370,Dessert,0.543,30,Dessert
src2_3700,Levantine,0.446,1,Levantine
src2_3701,American,0.385,29,American
src2_3703,Fast food,0.168,4,Fast food
src2_3704,Dessert,0.8,30,Dessert
src2_3705,Other,0.309,7,Other
src2_3710,Levantine,0.788,30,Levantine
src2_3711,Dessert,0.249,1,Dessert
src2_3714,Levantine,0.449,16,Levantine
src2_3716,Levantine,0.37,7,Levantine
src2_3723,Levantine,0.246,30,Levantine
src2_3733,Dessert,0.85,30,Dessert
src2_3735,Levantine,0.257,8,Levantine
src2_3736,French,0.397,30,French
src2_3739,Levantine,0.47,14,Levantine
src2_374,Levantine,0.347,6,Levantine
src2_3745,Other,0.231,8,Other
src2_375,Dessert,0.604,30,Dessert
src2_3750,Seafood,0.28,20,Seafood
src2_3751,American,0.313,24,American
src2_3752,Pizza,0.317,5,Pizza
src2_3757,Levantine,0.756,30,Levantine
src2_3759,Levantine,0.317,1,Levantine
src2_3762,Italian,0.231,1,Italian
src2_3763,Levantine,0.248,16,Levantine
src2_3765,French,0.549,30,French
src2_3766,French,0.24,17,French
src2_3772,Other,0.302,23,Other
src2_3773,Levantine,0.197,10,Levantine
src2_3775,Levantine,0.198,6,Levantine
src2_3777,Italian,0.222,1,Italian
src2_378,Levantine,0.713,30,Levantine
src2_3782,Levantine,0.541,30,Levantine
src2_3785,Levantine,0.609,16,Levantine
src2_3787,Seafood,0.659,11,Seafood
src2_3795,Levantine,0.381,30,Levantine
src2_3796,Levantine,0.498,7,Levantine
src2_3797,Levantine,0.439,6,Levantine
src2_3799,Levantine,0.394,30,Levantine
src2_3803,Levantine,0.49,14,Levantine
src2_3804,Levantine,0.282,17,Levantine
src2_3806,Levantine,0.722,30,Levantine
src2_3809,Levantine,0.267,19,Levantine
src2_381,American,0.464,30,American
src2_3812,Levantine,0.715,30,Levantine
src2_3813,Levantine,0.502,30,Levantine
src2_3815,Pizza,0.234,6,Pizza
src2_3817,Seafood,0.649,30,Seafood
src2_382,Levantine,0.251,13,Levantine
src2_3823,Levantine,0.269,30,Levantine
src2_3824,Levantine,0.269,3,Levantine
src2_3825,Levantine,0.724,30,Levantine
src2_3826,Levantine,0.438,2,Levantine
src2_3828,Levantine,0.26,21,Levantine
src2_3829,Pizza,0.515,30,Pizza
src2_383,Levantine,0.3,7,Levantine
src2_3830,Levantine,0.52,13,Levantine
src2_3832,Other,0.135,9,Other
src2_3834,Levantine,0.587,7,Levantine
src2_3836,Levantine,0.322,30,Levantine
src2_3838,American,0.17,2,American
src2_384,Dessert,0.217,10,Dessert
src2_3841,Levantine,0.425,2,Levantine
src2_3843,Pizza,0.285,7,Pizza
src2_3844,Pizza,0.316,9,Pizza
src2_3846,Levantine,0.293,1,Levantine
src2_3848,Levantine,0.398,1,Levantine
src2_3851,Levantine,0.215,28,Levantine
src2_3852,Levantine,0.397,30,Levantine
src2_3855,Levantine,0.617,9,Levantine
src2_3863,Levantine,0.32,20,Levantine
src2_3864,Seafood,0.232,2,Seafood
src2_3866,Levantine,0.306,30,Levantine
src2_387,Dessert,0.637,21,Dessert
src2_3870,French,0.204,11,French
src2_3872,Levantine,0.174,3,Levantine
src2_3877,American,0.42,5,American
src2_3878,Levantine,0.21,6,Levantine
src2_3879,Fast food,0.182,7,Fast food
src2_3887,Other,0.264,6,Other
src2_3888,Dessert,0.29,3,Dessert
src2_3890,Levantine,0.598,30,Levantine
src2_3893,Dessert,0.234,1,Dessert
src2_3895,Other,0.508,30,Other
src2_390,Levantine,0.317,2,Levantine
src2_392,American,0.39,30,American
src2_393,French,0.194,5,French
src2_395,Levantine,0.276,4,Levantine
src2_396,Levantine,0.457,30,Levantine
src2_398,Levantine,0.408,27,Levantine
src2_399,Other,0.181,2,Other
src2_400,Levantine,0.175,30,Levantine
src2_402,Levantine,0.412,17,Levantine
src2_405,Pizza,0.307,9,Pizza
src2_406,Levantine,0.475,19,Levantine
src2_409,Pizza,0.241,1,Pizza
src2_412,Dessert,0.213,2,Dessert
src2_414,Levantine,0.214,1,Levantine
src2_415,Levantine,0.433,20,Levantine
src2_416,Seafood,0.173,11,Seafood
src2_418,Pizza,0.676,20,Pizza
src2_419,Levantine,0.519,30,Levantine
src2_424,Dessert,0.823,14,Dessert
src2_425,Dessert,0.709,9,Dessert
src2_429,Levantine,0.307,3,Levantine
src2_433,Seafood,0.217,30,Seafood
src2_434,Levantine,0.458,30,Levantine
src2_435,Levantine,0.348,30,Levantine
src2_436,Levantine,0.323,14,Levantine
src2_439,Levantine,0.415,10,Levantine
src2_441,Levantine,0.243,6,Levantine
src2_442,Levantine,0.345,28,Levantine
src2_445,Pizza,0.614,30,Pizza
src2_446,Dessert,0.435,11,Dessert
src2_449,Dessert,0.192,6,Dessert
src2_452,French,0.158,14,French
src2_457,Dessert,0.508,14,Dessert
src2_458,Dessert,0.369,30,Dessert
src2_461,Levantine,0.415,30,Levantine
src2_464,Dessert,0.479,30,Dessert
src2_465,Dessert,0.185,9,Dessert
src2_466,Levantine,0.423,30,Levantine
src2_467,Dessert,0.523,20,Dessert
src2_471,French,0.411,1,French
src2_475,Levantine,0.403,30,Levantine
src2_480,Dessert,0.257,23,Dessert
src2_482,American,0.222,1,American
src2_483,Levantine,0.264,1,Levantine
src2_488,Dessert,0.219,2,Dessert
src2_491,French,0.428,2,French
src2_494,Dessert,0.411,30,Dessert
src2_495,Levantine,0.384,30,Levantine
src2_497,American,0.172,17,American
src2_503,Levantine,0.711,30,Levantine
src2_504,Levantine,0.524,30,Levantine
src2_509,Dessert,0.218,1,Dessert
src2_512,Levantine,0.287,1,Levantine
src2_513,Dessert,0.437,30,Dessert
src2_514,Levantine,0.214,30,Levantine
src2_516,Levantine,0.399,14,Levantine
src2_517,Levantine,0.395,18,Levantine
src2_518,American,0.225,24,American
src2_521,Levantine,0.279,7,Levantine
src2_523,Pizza,0.271,30,Pizza
src2_525,Levantine,0.736,28,Levantine
src2_527,Levantine,0.711,10,Levantine
src2_528,Levantine,0.346,28,Levantine
src2_530,Levantine,0.383,26,Levantine
src2_531,Dessert,0.355,30,Dessert
src2_532,Seafood,0.29,1,Seafood
src2_539,Seafood,0.638,30,Seafood
src2_541,Levantine,0.201,1,Levantine
src2_545,Levantine,0.698,30,Levantine
src2_548,Dessert,0.59,30,Dessert
src2_552,Dessert,0.417,30,Dessert
src2_553,Levantine,0.299,20,Levantine
src2_554,Dessert,0.37,2,Dessert
src2_555,Dessert,0.228,7,Dessert
src2_556,Seafood,0.29,1,Seafood
src2_562,Levantine,0.345,30,Levantine
src2_563,American,0.18,2,American
src2_565,Levantine,0.357,30,Levantine
src2_567,Levantine,0.355,30,Levantine
src2_568,Levantine,0.205,2,Levantine
src2_571,French,0.381,19,French
src2_574,Levantine,0.666,30,Levantine
src2_575,Seafood,0.29,2,Seafood
src2_576,Other,0.642,23,Other
src2_579,Levantine,0.291,22,Levantine
src2_580,Levantine,0.357,30,Levantine
src2_583,Fast food,0.221,1,Fast food
src2_587,Levantine,0.443,10,Levantine
src2_588,Dessert,0.358,9,Dessert
src2_590,Other,0.379,4,Other
src2_593,Pizza,0.336,15,Pizza
src2_597,Dessert,0.27,12,Dessert
src2_598,Pizza,0.297,22,Pizza
src2_599,Levantine,0.363,2,Levantine
src2_602,American,0.189,1,American
src2_604,Pizza,0.591,27,Pizza
src2_606,Levantine,0.59,30,Levantine
src2_611,Fast food,0.369,30,Fast food
src2_612,Levantine,0.766,30,Levantine
src2_620,Seafood,0.283,1,Seafood
src2_627,Levantine,0.226,12,Levantine
src2_628,Pizza,0.503,30,Pizza
src2_629,French,0.336,13,French
src2_632,Dessert,0.182,1,Dessert
src2_637,Dessert,0.674,7,Dessert
src2_641,Dessert,0.257,1,Dessert
src2_645,Levantine,0.229,30,Levantine
src2_650,American,0.224,30,American
src2_651,Other,0.244,28,Other
src2_657,Dessert,0.219,1,Dessert
src2_659,Dessert,0.38,1,Dessert
src2_662,Pizza,0.25,9,Pizza
src2_663,American,0.244,30,American
src2_664,Levantine,0.133,2,Levantine
src2_665,American,0.222,1,American
src2_666,Seafood,0.28,7,Seafood
src2_668,Levantine,0.508,3,Levantine
src2_669,Dessert,0.192,6,Dessert
src2_670,American,0.272,2,American
src2_672,Levantine,0.671,8,Levantine
src2_676,American,0.253,30,American
src2_678,American,0.195,6,American
src2_679,Levantine,0.227,30,Levantine
src2_681,Levantine,0.542,20,Levantine
src2_682,Levantine,0.261,17,Levantine
src2_686,Levantine,0.473,25,Levantine
src2_689,American,0.264,30,American
src2_690,Levantine,0.275,1,Levantine
src2_692,Levantine,0.187,1,Levantine
src2_696,Pizza,0.386,11,Pizza
src2_697,Dessert,0.159,7,Dessert
src2_698,Dessert,0.222,1,Dessert
src2_702,Levantine,0.549,9,Levantine
src2_703,Dessert,0.197,5,Dessert
src2_708,Dessert,0.314,2,Dessert
src2_709,Seafood,0.428,8,Seafood
src2_710,Seafood,0.29,6,Seafood
src2_717,Levantine,0.327,11,Levantine
src2_718,Levantine,0.222,30,Levantine
src2_719,Levantine,0.16,2,Levantine
src2_720,Pizza,0.308,1,Pizza
src2_722,Levantine,0.704,30,Levantine
src2_725,French,0.233,26,French
src2_727,Fast food,0.777,4,Fast food
src2_731,Levantine,0.381,30,Levantine
src2_732,Levantine,0.431,15,Levantine
src2_733,Levantine,0.67,30,Levantine
src2_734,Levantine,0.172,1,Levantine
src2_740,Levantine,0.605,1,Levantine
src2_742,Levantine,0.294,30,Levantine
src2_744,Levantine,0.363,1,Levantine
src2_748,Seafood,0.192,6,Seafood
src2_751,American,0.455,30,American
src2_752,French,0.435,30,French
src2_754,Dessert,0.169,5,Dessert
src2_756,Italian,0.519,30,Italian
src2_757,Levantine,0.219,16,Levantine
src2_758,Levantine,0.257,30,Levantine
src2_760,Dessert,0.228,16,Dessert
src2_761,Levantine,0.251,1,Levantine
src2_765,Other,0.358,9,Other
src2_767,Levantine,0.199,1,Levantine
src2_769,American,0.387,30,American
src2_772,Dessert,0.343,7,Dessert
src2_778,Levantine,0.324,4,Levantine
src2_780,French,0.289,13,French
src2_783,Fast food,0.253,1,Fast food
src2_787,Dessert,0.599,30,Dessert
src2_789,Other,0.212,30,Other
src2_790,Levantine,0.249,3,Levantine
src2_794,Levantine,0.482,11,Levantine
src2_795,Other,0.237,30,Other
src2_799,Levantine,0.417,4,Levantine
src2_803,Levantine,0.197,2,Levantine
src2_804,Levantine,0.343,30,Levantine
src2_805,Levantine,0.187,1,Levantine
src2_806,Other,0.209,30,Other
src2_812,Fast food,0.238,2,Fast food
src2_813,American,0.545,30,American
src2_815,French,0.224,11,French
src2_820,French,0.26,15,French
src2_823,American,0.36,30,American
src2_825,Italian,0.202,30,Italian
src2_826,Levantine,0.342,17,Levantine
src2_827,Dessert,0.204,3,Dessert
src2_828,Levantine,0.568,30,Levantine
src2_829,French,0.456,4,French
src2_830,Italian,0.213,30,Italian
src2_833,American,0.299,20,American
src2_836,Seafood,0.96,30,Seafood
src2_845,Dessert,0.788,30,Dessert
src2_850,Dessert,0.622,11,Dessert
src2_858,Levantine,0.221,1,Levantine
src2_863,Italian,0.26,8,Italian
src2_866,French,0.35,30,French
src2_870,Seafood,0.321,7,Seafood
src2_871,Levantine,0.181,30,Levantine
src2_876,Levantine,0.345,24,Levantine
src2_877,Levantine,0.235,21,Levantine
src2_880,Dessert,0.685,15,Dessert
src2_882,Levantine,0.374,2,Levantine
src2_885,American,0.257,8,American
src2_886,American,0.223,2,American
src2_888,Other,0.393,14,Other
src2_889,Levantine,0.243,18,Levantine
src2_892,Levantine,0.333,30,Levantine
src2_895,Fast food,0.578,1,Fast food
src2_897,American,0.234,30,American
src2_905,Seafood,0.351,1,Seafood
src2_906,Other,0.247,6,Other
src2_907,Italian,0.27,10,Italian
src2_908,Other,0.436,18,Other
src2_913,Dessert,0.204,3,Dessert
src2_919,Italian,0.204,9,Italian
src2_922,American,0.236,13,American
src2_926,Levantine,0.267,30,Levantine
src2_927,Levantine,0.703,21,Levantine
src2_929,Levantine,0.736,17,Levantine
src2_932,American,0.548,30,American
src2_934,Levantine,0.267,30,Levantine
src2_936,Other,0.191,8,Other
src2_942,Dessert,0.219,1,Dessert
src2_943,Levantine,0.379,11,Levantine
src2_946,French,0.506,1,French
src2_949,Levantine,0.217,1,Levantine
src2_952,Levantine,0.613,30,Levantine
src2_953,Levantine,0.772,18,Levantine
src2_955,French,0.311,10,French
src2_959,Fast food,0.411,10,Fast food
src2_965,Pizza,0.459,6,Pizza
src2_969,Levantine,0.668,11,Levantine
src2_970,Levantine,0.419,21,Levantine
src2_971,Levantine,0.822,30,Levantine
src2_972,Levantine,0.356,10,Levantine
src2_973,Levantine,0.455,5,Levantine
src2_974,Levantine,0.245,1,Levantine
src2_975,Levantine,0.472,30,Levantine
src2_977,French,0.277,30,French
src2_981,Other,0.191,14,Other
src2_982,Dessert,0.359,2,Dessert
src2_987,Levantine,0.405,4,Levantine
src2_988,Fast food,0.339,4,Fast food
src2_989,Dessert,0.316,3,Dessert
src2_991,French,0.478,13,French
src2_993,Dessert,0.209,6,Dessert
src2_996,Italian,0.354,30,Italian
src2_998,Dessert,0.21,16,Dessert
src2_999,Italian,0.221,15,Italian
src3_001,American,0.297,5,American
src3_002,Italian,0.571,5,Italian
src3_003,Levantine,0.464,4,Levantine
src3_005,Levantine,0.61,5,Levantine
src3_006,Seafood,0.335,4,Seafood
src3_007,Levantine,0.589,5,Levantine
src3_008,Dessert,0.309,5,Dessert
src3_009,Seafood,0.436,5,Seafood
src3_010,Levantine,0.595,5,Levantine
src3_011,Levantine,0.644,5,Levantine
src3_013,Levantine,0.289,4,Levantine
src3_014,Levantine,0.791,5,Levantine
src3_016,Levantine,0.56,3,Levantine
src3_017,Other,0.197,5,Other
src3_018,Levantine,0.483,5,Levantine
src3_019,Dessert,0.853,3,Dessert
src3_021,Dessert,0.785,5,Dessert
src3_022,Fast food,0.291,4,Fast food
src3_023,Levantine,0.707,5,Levantine
src3_025,Seafood,0.551,4,Seafood
src3_026,Levantine,0.231,3,Levantine
src3_030,Seafood,0.497,3,Seafood
src3_031,Levantine,0.387,5,Levantine
src3_032,American,0.218,1,American
src3_035,Levantine,0.481,5,Levantine
src3_036,Levantine,0.31,3,Levantine
src3_037,Seafood,0.278,5,Seafood
src3_038,Levantine,0.734,5,Levantine
src3_039,Other,0.203,5,Other
src3_040,Levantine,0.638,5,Levantine
src3_041,Levantine,0.48,1,Levantine
src3_043,Italian,0.219,4,Italian
src3_044,Other,0.375,5,Other
src3_045,American,0.205,5,American
src3_046,Levantine,0.726,4,Levantine
src3_047,Levantine,0.504,4,Levantine
src3_048,Levantine,0.299,2,Levantine
src3_050,Levantine,0.21,5,Levantine
src3_051,Fast food,0.296,4,Fast food
src3_052,Seafood,0.226,4,Seafood
src3_053,Dessert,0.655,4,Dessert
src3_054,Italian,0.285,3,Italian
src3_055,Levantine,0.306,4,Levantine
src3_059,Dessert,0.203,2,Dessert
src3_060,Levantine,0.265,2,Levantine
src3_061,Levantine,0.287,1,Levantine
src3_062,Other,0.265,5,Other
src3_063,Levantine,0.204,5,Levantine
src3_064,Levantine,0.67,5,Levantine
src3_065,Other,0.337,2,Other
src3_069,Levantine,0.518,4,Levantine
src3_070,Levantine,0.274,5,Levantine
src3_071,Levantine,0.55,3,Levantine
src3_073,Levantine,0.312,4,Levantine
src3_076,Levantine,0.354,1,Levantine
src3_077,Levantine,0.246,5,Levantine
src3_078,Seafood,0.603,5,Seafood
src3_082,Dessert,0.838,5,Dessert
src3_084,Fast food,0.524,5,Fast food
src3_085,American,0.406,1,American
src3_086,Levantine,0.321,1,Levantine
src3_087,Seafood,0.497,5,Seafood
src3_089,Fast food,0.224,1,Fast food
src3_092,Levantine,0.29,2,Levantine
src3_094,Levantine,0.228,2,Levantine
src3_096,Other,0.628,4,Other
src3_097,Pizza,0.24,3,Pizza
src3_100,Fast food,0.439,2,Fast food
src3_101,Levantine,0.355,3,Levantine
src3_103,Levantine,0.218,5,Levantine
src3_104,Levantine,0.425,5,Levantine
src3_108,American,0.253,3,American
src3_109,French,0.191,5,French
src3_110,Other,0.206,5,Other
src3_111,Seafood,0.418,5,Seafood
src3_113,Italian,0.533,4,Italian
src3_114,Italian,0.282,5,Italian
src3_115,American,0.306,5,American
src3_116,Dessert,0.174,5,Dessert
src3_117,Levantine,0.521,5,Levantine
src3_118,Levantine,0.228,5,Levantine
src3_119,Levantine,0.338,5,Levantine
src3_121,Levantine,0.457,5,Levantine
src3_123,American,0.193,3,American
src3_124,Levantine,0.305,4,Levantine
src3_126,Levantine,0.289,2,Levantine
src3_127,Levantine,0.416,5,Levantine
src3_130,Dessert,0.313,1,Dessert
src3_131,Levantine,0.235,5,Levantine
src3_132,Other,0.305,4,Other
src3_133,Other,0.259,5,Other
src3_134,Other,0.571,2,Other
src3_135,French,0.352,5,French
src3_136,Italian,0.217,4,Italian
src3_140,Levantine,0.439,5,Levantine
src3_141,Levantine,0.31,5,Levantine
src3_142,Levantine,0.191,5,Levantine
src3_143,French,0.29,5,French
src3_144,Dessert,0.862,3,Dessert
src3_145,Dessert,0.293,5,Dessert
src3_147,Levantine,0.305,3,Levantine
src3_149,Jewish,0.559,3,Jewish
src3_152,Dessert,0.212,1,Dessert
src3_153,Levantine,0.357,5,Levantine
src3_154,Levantine,0.264,5,Levantine
src3_155,Dessert,0.512,1,Dessert
src3_156,Levantine,0.267,4,Levantine
src3_157,Dessert,0.481,1,Dessert
src3_159,Levantine,0.215,5,Levantine
src3_160,Levantine,0.29,3,Levantine
src3_161,French,0.218,5,French
src3_162,Levantine,0.359,3,Levantine
src3_164,Levantine,0.38,5,Levantine
src3_165,Levantine,0.254,5,Levantine
src3_167,Levantine,0.51,5,Levantine
src3_170,Levantine,0.385,1,Levantine
src3_171,Jewish,0.947,5,Jewish
src3_172,Pizza,0.245,1,Pizza
src3_173,Levantine,0.398,5,Levantine
src3_175,American,0.234,5,American
src3_176,Seafood,0.32,1,Seafood
src3_178,Fast food,0.286,4,Fast food
src3_180,Levantine,0.275,2,Levantine
src3_181,Levantine,0.226,1,Levantine
src3_183,Levantine,0.447,4,Levantine
src3_185,Seafood,0.396,5,Seafood
src3_186,Pizza,0.224,5,Pizza
src3_187,Dessert,0.232,4,Dessert
src3_190,Italian,0.237,2,Italian
src3_191,Levantine,0.317,2,Levantine
src3_193,Other,0.348,1,Other
src3_195,Fast food,0.396,5,Fast food
src3_199,Levantine,0.224,1,Levantine
src3_200,Levantine,0.615,4,Levantine
src3_201,American,0.161,5,American
src3_203,Dessert,0.374,3,Dessert
src3_204,Other,0.278,5,Other
src3_205,Levantine,0.419,5,Levantine
src3_208,Levantine,0.183,5,Levantine
src3_209,Levantine,0.262,2,Levantine
src3_210,Levantine,0.239,1,Levantine
src3_211,Dessert,0.496,3,Dessert
src3_212,Fast food,0.609,5,Fast food
src3_213,Levantine,0.375,1,Levantine
src3_214,French,0.29,5,French
src3_218,Levantine,0.6,5,Levantine
src3_219,Levantine,0.461,5,Levantine
src3_220,Levantine,0.484,5,Levantine
src3_221,Levantine,0.311,4,Levantine
src3_222,Levantine,0.255,5,Levantine
src3_223,Levantine,0.243,4,Levantine
src3_224,French,0.224,5,French
src3_226,Levantine,0.45,1,Levantine
src3_227,Levantine,0.246,5,Levantine
src3_230,Italian,0.311,3,Italian
src3_231,Levantine,0.43,5,Levantine
src3_232,Levantine,0.648,2,Levantine
src3_233,Italian,0.205,5,Italian
src3_234,Levantine,0.413,1,Levantine
src3_235,Italian,0.194,5,Italian
src3_236,French,0.214,1,French
src3_237,Levantine,0.206,1,Levantine
src3_238,Italian,0.527,4,Italian
src3_239,Italian,0.389,5,Italian
src3_240,Levantine,0.235,5,Levantine
src3_241,Seafood,0.255,3,Seafood
src3_243,American,0.313,5,American
src3_244,Other,0.182,1,Other
src3_245,Levantine,0.436,5,Levantine
src3_247,Italian,0.447,5,Italian
src3_248,Levantine,0.256,1,Levantine
src3_250,Levantine,0.265,1,Levantine
src3_251,Levantine,0.331,5,Levantine
src3_254,Levantine,0.44,3,Levantine
src3_255,French,0.554,2,French
src3_256,Levantine,0.331,2,Levantine
src3_258,Levantine,0.301,5,Levantine
src3_260,Seafood,0.688,5,Seafood
src3_261,Levantine,0.644,5,Levantine
src3_262,Levantine,0.237,5,Levantine
src3_263,American,0.207,5,American
src3_264,Levantine,0.249,5,Levantine
src3_265,Dessert,0.387,1,Dessert
src3_266,Dessert,0.224,3,Dessert
src3_267,American,0.168,5,American
src3_268,Levantine,0.481,3,Levantine
src3_270,American,0.43,5,American
src3_271,Levantine,0.591,4,Levantine
src3_272,Levantine,0.409,1,Levantine
src3_273,Levantine,0.368,2,Levantine
src3_274,Levantine,0.213,5,Levantine
src3_275,American,0.201,1,American
src3_276,Fast food,0.292,2,Fast food
src3_277,Levantine,0.36,5,Levantine
src3_279,Other,0.178,1,Other
src3_282,Levantine,0.294,1,Levantine
src3_283,Levantine,0.321,5,Levantine
src3_284,Dessert,0.227,1,Dessert
src3_287,Levantine,0.253,5,Levantine
src3_288,Levantine,0.297,5,Levantine
src3_289,Levantine,0.249,1,Levantine
src3_290,American,0.228,1,American
src3_291,Levantine,0.548,5,Levantine
src3_292,Levantine,0.412,4,Levantine
src3_293,Seafood,0.662,5,Seafood
src3_294,Italian,0.212,1,Italian
src3_295,Levantine,0.278,5,Levantine
src3_296,American,0.277,5,American
src3_298,Other,0.339,5,Other
src3_299,Dessert,0.285,1,Dessert
src3_302,Levantine,0.413,1,Levantine
src3_303,Seafood,0.884,4,Seafood
src3_305,Levantine,0.178,1,Levantine
src3_306,Levantine,0.383,5,Levantine
src3_307,Italian,0.219,3,Italian
src3_308,Pizza,0.161,2,Pizza
src3_309,Other,0.218,3,Other
src3_310,Fast food,0.502,5,Fast food
src3_311,Italian,0.336,5,Italian
src3_312,Levantine,0.293,2,Levantine
src3_314,Other,0.26,3,Other
src3_316,Dessert,0.263,1,Dessert
src3_318,Levantine,0.697,5,Levantine
src3_322,Levantine,0.319,5,Levantine
src3_324,Italian,0.442,5,Italian
src3_327,Levantine,0.328,4,Levantine
src3_328,Italian,0.618,5,Italian
src3_329,Levantine,0.202,1,Levantine
src3_330,Pizza,0.601,1,Pizza
src3_333,Dessert,0.595,5,Dessert
src3_334,Italian,0.633,5,Italian
src3_335,Dessert,0.34,5,Dessert
src3_337,Dessert,0.386,4,Dessert
src3_338,Levantine,0.339,5,Levantine
src3_339,Levantine,0.272,5,Levantine
src3_343,Levantine,0.258,5,Levantine
src3_344,Fast food,0.245,1,Fast food
src3_345,Levantine,0.22,2,Levantine
src3_346,Italian,0.325,5,Italian
src3_347,Levantine,0.313,5,Levantine
src3_348,Fast food,0.33,2,Fast food
src3_349,Dessert,0.837,2,Dessert
src3_350,Dessert,0.574,4,Dessert
src3_352,Levantine,0.42,5,Levantine
src3_353,Levantine,0.259,3,Levantine
src3_354,American,0.344,5,American
src3_356,Italian,0.199,5,Italian
src3_357,Levantine,0.266,1,Levantine
src3_358,Other,0.488,1,Other
src3_360,Levantine,0.516,4,Levantine
src3_361,American,0.288,4,American
src3_362,American,0.234,5,American
src3_363,French,0.275,5,French
src3_364,Levantine,0.483,1,Levantine
src3_367,Other,0.421,4,Other
src3_368,Levantine,0.233,1,Levantine
src3_369,Levantine,0.425,5,Levantine
src3_371,Seafood,0.379,5,Seafood
src3_372,Levantine,0.252,5,Levantine
src3_373,Seafood,0.449,4,Seafood
src3_375,Other,0.194,1,Other
src3_376,Levantine,0.552,3,Levantine
src3_377,Italian,0.521,5,Italian
src3_378,Levantine,0.231,1,Levantine
src3_380,Levantine,0.562,1,Levantine
src3_381,Levantine,0.347,5,Levantine
src3_382,Italian,0.321,5,Italian
src3_383,Seafood,0.801,5,Seafood
src3_384,Levantine,0.33,5,Levantine
src3_386,American,0.289,4,American
src3_388,Italian,0.324,4,Italian
src3_390,American,0.34,1,American
src3_391,Levantine,0.808,2,Levantine
src3_392,Levantine,0.347,5,Levantine
src3_393,Levantine,0.344,5,Levantine
src3_394,Levantine,0.378,5,Levantine
src3_396,Dessert,0.24,1,Dessert
src3_398,Levantine,0.179,1,Levantine
src3_400,Levantine,0.215,1,Levantine
src3_401,Other,0.207,5,Other
src3_403,American,0.426,2,American
src3_404,French,0.572,5,French
src3_405,Italian,0.184,5,Italian
src3_406,Fast food,0.34,5,Fast food
src3_409,Levantine,0.217,5,Levantine
src3_411,Levantine,0.292,5,Levantine
src3_412,Levantine,0.27,4,Levantine
src3_413,American,0.252,5,American
src3_414,Levantine,0.203,5,Levantine
src3_415,Levantine,0.237,5,Levantine
src3_416,Italian,0.303,5,Italian
src3_417,Italian,0.448,1,Italian
src3_418,Other,0.388,5,Other
src3_419,Levantine,0.238,5,Levantine
src3_420,Levantine,0.401,5,Levantine
src3_421,Levantine,0.309,1,Levantine
src3_423,Italian,0.19,2,Italian
src3_424,Levantine,0.399,5,Levantine
src3_425,Other,0.216,3,Other
src3_427,Other,0.313,5,Other
src3_429,Levantine,0.321,5,Levantine
src3_432,Seafood,0.427,1,Seafood
src3_434,Levantine,0.269,5,Levantine
src3_436,Levantine,0.354,5,Levantine
src3_439,American,0.282,5,American
src3_441,Other,0.201,4,Other
src3_442,Levantine,0.606,5,Levantine
src3_443,Dessert,0.256,2,Dessert
src3_444,Italian,0.539,5,Italian
src3_445,Italian,0.28,5,Italian
src3_449,Seafood,0.454,5,Seafood
src3_452,Other,0.215,1,Other
src3_453,French,0.211,3,French
src3_455,Levantine,0.266,1,Levantine
src3_456,Levantine,0.29,1,Levantine
src3_459,Levantine,0.541,4,Levantine
src3_460,Levantine,0.226,2,Levantine
src3_461,Other,0.387,1,Other
src3_463,Dessert,0.255,1,Dessert
src3_464,Levantine,0.249,5,Levantine
src3_465,French,0.507,5,French
src3_466,American,0.296,5,American
src3_467,Pizza,0.309,2,Pizza
