city,location_id,address,restaurant_name,website,tripadvisor_url,rating,num_reviews,review_title,review_text,review_rating
Batroun Lebanon,17613867,"Thoum Seaside Road, Batroun, Batroun District, Batroun 1400 Lebanon",O Glacee,,https://www.tripadvisor.com/Restaurant_Review-g1943861-d17613867-Reviews-O_Glacee-Batroun_North_Governorate.html?m=66827,4.9,7,Hidden gem,This place is a hidden gem. Food is great atmosphere is wow and most importantly owners make  their best to insure customer satisfaction. It's the chill place in Batroun with no compromise. ,5
Batroun Lebanon,17613867,"Thoum Seaside Road, Batroun, Batroun District, Batroun 1400 Lebanon",O Glacee,,https://www.tripadvisor.com/Restaurant_Review-g1943861-d17613867-Reviews-O_Glacee-Batroun_North_Governorate.html?m=66827,4.9,7,Little Bit here And There,"This place is just by the beach, a wonderful beach site specially on sunsets, lovely at night, with nice not too loud Music. The staff are very friendly,  however, they lack a bit of Menu Variety of SEAFOOD, However the food is fresh and very tasty.. It is worth your money. We sat by the beach, even swam a bit. It is a very nice family place, which needs to have some renovation indoors and outdoors, update the seats and tables, give more a new look ambiance with the Mediterranean Beach breath taking view...
I would definitely come again",4
Batroun Lebanon,17613867,"Thoum Seaside Road, Batroun, Batroun District, Batroun 1400 Lebanon",O Glacee,,https://www.tripadvisor.com/Restaurant_Review-g1943861-d17613867-Reviews-O_Glacee-Batroun_North_Governorate.html?m=66827,4.9,7,Best treatment best food best swim,The best good and treatment you can get. Staff are super friendly and helpful. Owners are heaven sent. Most importantly the food is yummy and well priced. Going every week end,5
Batroun Lebanon,17613867,"Thoum Seaside Road, Batroun, Batroun District, Batroun 1400 Lebanon",O Glacee,,https://www.tripadvisor.com/Restaurant_Review-g1943861-d17613867-Reviews-O_Glacee-Batroun_North_Governorate.html?m=66827,4.9,7,Utopia,"Food cooked to perfection especially the freshly caught fish.
Great setting with professional staff and lovely owners. ",5
Batroun Lebanon,17613867,"Thoum Seaside Road, Batroun, Batroun District, Batroun 1400 Lebanon",O Glacee,,https://www.tripadvisor.com/Restaurant_Review-g1943861-d17613867-Reviews-O_Glacee-Batroun_North_Governorate.html?m=66827,4.9,7,Cozy place ,"We feel like we are between our family and friends when we go there.
The food is so tasty the music is very nice and the staff are super friendly.
For sure will go back and I highly recommend this place ",5
Batroun Lebanon,27756806,"Main Street, Batroun 1212 Lebanon",Ceviche Restaurant Batroun,https://www.instagram.com/ceviche.batroun/,https://www.tripadvisor.com/Restaurant_Review-g1943861-d27756806-Reviews-Ceviche_Restaurant_Batroun-Batroun_North_Governorate.html?m=66827,4.8,48,Bad experience,"This is my first bad review but I guess it is necessary. I’ve always enjoyed your restaurant, but our recent visit was very disappointing. I received my salad half an hour before my husband’s order, so I had to eat alone. When his salmon finally arrived, the mashed potatoes were cold. The chef dismissed our concern, saying that’s how it’s served, though the manager later agreed with us. Unfortunately, we left hungry and frustrated, with no apology or gesture to make up for the experience.",1
Batroun Lebanon,27756806,"Main Street, Batroun 1212 Lebanon",Ceviche Restaurant Batroun,https://www.instagram.com/ceviche.batroun/,https://www.tripadvisor.com/Restaurant_Review-g1943861-d27756806-Reviews-Ceviche_Restaurant_Batroun-Batroun_North_Governorate.html?m=66827,4.8,48,Mashed potatoes cannot be served hot,"I went with my wife and we ordered 2 plates, one crispy salmon and one Grilled Salmon Pineapple.

The grilled salmon arrived half an hr after the crispy salmon, their reason was it takes more time (you can start cooking the one that takes time first). The crispy salmon has mashed potatoes with it which arrived cold as if it was in the fridge (the chef's reason was that it can't be heated because it has milk, so it is not freshly done which is a worse outcome).

The end result worst experience and full bill paid.",1
Batroun Lebanon,27756806,"Main Street, Batroun 1212 Lebanon",Ceviche Restaurant Batroun,https://www.instagram.com/ceviche.batroun/,https://www.tripadvisor.com/Restaurant_Review-g1943861-d27756806-Reviews-Ceviche_Restaurant_Batroun-Batroun_North_Governorate.html?m=66827,4.8,48,"Food, Sea and Sun!","Great food with a creative twist and kind service, beautiful sea view right at the beach. Highly recommend this fun and simple place for chill and enjoyment.",5
Batroun Lebanon,27756806,"Main Street, Batroun 1212 Lebanon",Ceviche Restaurant Batroun,https://www.instagram.com/ceviche.batroun/,https://www.tripadvisor.com/Restaurant_Review-g1943861-d27756806-Reviews-Ceviche_Restaurant_Batroun-Batroun_North_Governorate.html?m=66827,4.8,48,Absolutely recommended,"This restaurant is truly a gem! The staff are incredibly welcoming and attentive, and the food is absolutely delicious. Every dish is full of flavor and beautifully served. Can’t wait to come back again! Special thanks to Charbel, ask for him once you're there",5
Batroun Lebanon,27756806,"Main Street, Batroun 1212 Lebanon",Ceviche Restaurant Batroun,https://www.instagram.com/ceviche.batroun/,https://www.tripadvisor.com/Restaurant_Review-g1943861-d27756806-Reviews-Ceviche_Restaurant_Batroun-Batroun_North_Governorate.html?m=66827,4.8,48,,"The atmosphere was absolutely amazing, the  staff extremely kind. The food was incredible, terrific presentation. The portion size was very generous! Ask for Charbel, he is super accommodating!",5
Batroun Lebanon,20806929,"San Stefano Resort, Batroun Lebanon",Starbucks,https://locations.starbucks.com.lb/directory/batroun/san-stefano-resort,https://www.tripadvisor.com/Restaurant_Review-g1943861-d20806929-Reviews-Starbucks-Batroun_North_Governorate.html?m=66827,5.0,1,Dear Starbucks,"Starbucks batroun is one of the best places I've ever felt like my home, they have a great team and they love their work, and I pay special thanks to an employee named Hani, who has the energy and the constant smile.",5
Batroun Lebanon,24863816,"Marea, Batroun Lebanon",Meat The Fish At The Beach,http://www.meatthefish.com,https://www.tripadvisor.com/Restaurant_Review-g1943861-d24863816-Reviews-Meat_The_Fish_At_The_Beach-Batroun_North_Governorate.html?m=66827,2.0,1,,,
Batroun Lebanon,26302541,"Sea side road, Batroun Lebanon",Hangloose,,https://www.tripadvisor.com/Restaurant_Review-g1943861-d26302541-Reviews-Hangloose-Batroun_North_Governorate.html?m=66827,,0,,,
Batroun Lebanon,25463145,"Batrouniyat St, Batroun | Next to Dagher Pharmacy, Batroun 0000 Lebanon",Min Tabkhetna,https://www.instagram.com/mintabkhetna/?igshid=ymmymta2m2y%3d,https://www.tripadvisor.com/Restaurant_Review-g1943861-d25463145-Reviews-Min_Tabkhetna-Batroun_North_Governorate.html?m=66827,4.8,8,Great Lebanese homemade food in Batroun,"I cannot recommend this place enough!!
Authentic Lebanese food cooked by local women, super tasty and fresh! The prices are so reasonable too. Anyone going to Batroun should definitely try. The owner is so sweet and everything is on point.",5
Batroun Lebanon,25463145,"Batrouniyat St, Batroun | Next to Dagher Pharmacy, Batroun 0000 Lebanon",Min Tabkhetna,https://www.instagram.com/mintabkhetna/?igshid=ymmymta2m2y%3d,https://www.tripadvisor.com/Restaurant_Review-g1943861-d25463145-Reviews-Min_Tabkhetna-Batroun_North_Governorate.html?m=66827,4.8,8,A lovely tavern in Batroun,An amazing place to eat clean homecooked meals. The owner is always there to look after everyone :) Our favourite place in Batroun!,5
Batroun Lebanon,25463145,"Batrouniyat St, Batroun | Next to Dagher Pharmacy, Batroun 0000 Lebanon",Min Tabkhetna,https://www.instagram.com/mintabkhetna/?igshid=ymmymta2m2y%3d,https://www.tripadvisor.com/Restaurant_Review-g1943861-d25463145-Reviews-Min_Tabkhetna-Batroun_North_Governorate.html?m=66827,4.8,8,Go to place for daily homemade dishes,"I cannot but say how yummy and homemade feel the food has. Well studied price/portion ration 
I highly recommend this place for people to enjoy a daily dish if you don’t have time to cook at home.",5
Batroun Lebanon,25463145,"Batrouniyat St, Batroun | Next to Dagher Pharmacy, Batroun 0000 Lebanon",Min Tabkhetna,https://www.instagram.com/mintabkhetna/?igshid=ymmymta2m2y%3d,https://www.tripadvisor.com/Restaurant_Review-g1943861-d25463145-Reviews-Min_Tabkhetna-Batroun_North_Governorate.html?m=66827,4.8,8,The best,"The best experience
Best food like you eat at home
Best service $ always fresh food
Always the best ",5
Batroun Lebanon,25463145,"Batrouniyat St, Batroun | Next to Dagher Pharmacy, Batroun 0000 Lebanon",Min Tabkhetna,https://www.instagram.com/mintabkhetna/?igshid=ymmymta2m2y%3d,https://www.tripadvisor.com/Restaurant_Review-g1943861-d25463145-Reviews-Min_Tabkhetna-Batroun_North_Governorate.html?m=66827,4.8,8,Highly recommend,"I recently visited Mentabkhetna restaurant, and it was truly a great experience. From the warm and friendly greeting at the door to every dish that we ordered.
First, the atmosphere was cozy and the seating arrangements were comfortable.
We started things off with a few cold mezzas. Hummus was so creamy, baba ghanouj was flavorful, and the tabbouleh was refreshing.
For the main course, it was served hot and fresh, and the portions were generous.
Overall, I can't recommend Mentabkhetna enough. If you're looking for authentic and innovative Lebanese cuisine in a welcoming and intimate setting, this is the spot for you. I can't wait to return and try more of their delicious dishes. ",4
Batroun Lebanon,27718324,"Batroun Diaspora Village, Batroun Lebanon",Obi Sushi,https://www.obilb.com/,https://www.tripadvisor.com/Restaurant_Review-g1943861-d27718324-Reviews-Obi_Sushi-Batroun_North_Governorate.html?m=66827,,0,,,
Batroun Lebanon,4232004,"Ad Daoura Street, Batroun Lebanon",Batrouniyat,http://www.batrouniyat.org,https://www.tripadvisor.com/Restaurant_Review-g1943861-d4232004-Reviews-Batrouniyat-Batroun_North_Governorate.html?m=66827,4.2,24,No NON-SMOKER area even indoor,"Good service
Fair prices
Average food
Asked for a non-smoking area
But SMOKING was everywhere indoor",2
Batroun Lebanon,4232004,"Ad Daoura Street, Batroun Lebanon",Batrouniyat,http://www.batrouniyat.org,https://www.tripadvisor.com/Restaurant_Review-g1943861-d4232004-Reviews-Batrouniyat-Batroun_North_Governorate.html?m=66827,4.2,24,Nice Place with average experience of Food,"The place is really nice, traditional and authentic.
Prices are affordable and portions are ok.
The food taste is average with some new names for different products like Sambousik shrimps, it turned to be Samosa.
The white wine was not tasty at all.",3
Batroun Lebanon,4232004,"Ad Daoura Street, Batroun Lebanon",Batrouniyat,http://www.batrouniyat.org,https://www.tripadvisor.com/Restaurant_Review-g1943861-d4232004-Reviews-Batrouniyat-Batroun_North_Governorate.html?m=66827,4.2,24,Lunch,"We had lunch at batrouniyat me and my husband and it was an amazing one. Food quality was great, cleanliness was super and service was so. Food was very presentable and generous,staff so friendly and welcoming. Washroom was clean and overall the atmosphere was so relaxing and comfy. 
Recommend!!",5
Batroun Lebanon,4232004,"Ad Daoura Street, Batroun Lebanon",Batrouniyat,http://www.batrouniyat.org,https://www.tripadvisor.com/Restaurant_Review-g1943861-d4232004-Reviews-Batrouniyat-Batroun_North_Governorate.html?m=66827,4.2,24,It’s ok,Nice place...like the outdoor and the indoor especially...staff ok but very slow service...food ok...there is a place for the children to play...price fair enough,4
Batroun Lebanon,4232004,"Ad Daoura Street, Batroun Lebanon",Batrouniyat,http://www.batrouniyat.org,https://www.tripadvisor.com/Restaurant_Review-g1943861-d4232004-Reviews-Batrouniyat-Batroun_North_Governorate.html?m=66827,4.2,24,Poorly managed,"A great spacious location with bug potentials, YET very poorly managed.
Batrouniat is a dull experience with little to offer. 
Domestic home made products, nice to shop but unjustifiably expensive. The cafeteria has little to nothing to present.
The management needs a shuffle.",3
Batroun Lebanon,14990559,"Liban-Nord, Douma Lebanon",Chalhoub Restaurant,,https://www.tripadvisor.com/Restaurant_Review-g2077550-d14990559-Reviews-Chalhoub_Restaurant-Douma_North_Governorate.html?m=66827,3.3,16,Terrible experience,"The restaurant is very expensive, as a lebanese who like to enjoy lebanese food we were very disappointed the whole family.
We ate the worth sanboussik, hommos and kebbe...
I will neved recommand this restaurant to someone and it was a very bad experience for Douma, we just wanted to leave this village :(",1
Batroun Lebanon,14990559,"Liban-Nord, Douma Lebanon",Chalhoub Restaurant,,https://www.tripadvisor.com/Restaurant_Review-g2077550-d14990559-Reviews-Chalhoub_Restaurant-Douma_North_Governorate.html?m=66827,3.3,16,A Good Find,"Douma in March is pretty quiet, and restaurant options are limited if staying in town. Fortunately Chalhoub was open. Although we ended up being the only diners on a dark and cold evening, the reception was warm and the food good, We tried the fattoush and grilled shrimp, and washed it down with Beirut Beer. Everything was good, and fairly priced.",4
Batroun Lebanon,14990559,"Liban-Nord, Douma Lebanon",Chalhoub Restaurant,,https://www.tripadvisor.com/Restaurant_Review-g2077550-d14990559-Reviews-Chalhoub_Restaurant-Douma_North_Governorate.html?m=66827,3.3,16,Seafood & Village: A good combination,"A Very simple place where it is preferred to reserve because the place is usually busy.
It is a family business where you can find a nice spirit and good smiles.
As for food, it is tasty and fresh.
Portions are fair and prices are fair and affordable.",4
Batroun Lebanon,14990559,"Liban-Nord, Douma Lebanon",Chalhoub Restaurant,,https://www.tripadvisor.com/Restaurant_Review-g2077550-d14990559-Reviews-Chalhoub_Restaurant-Douma_North_Governorate.html?m=66827,3.3,16,nice drive ...,"my family loved the drive there ... we had high hopes but the cuisine came very disappointing.
the service was friendly though",1
Batroun Lebanon,14990559,"Liban-Nord, Douma Lebanon",Chalhoub Restaurant,,https://www.tripadvisor.com/Restaurant_Review-g2077550-d14990559-Reviews-Chalhoub_Restaurant-Douma_North_Governorate.html?m=66827,3.3,16,"good place for lunch, nice food and pleasant service","I had lunch twice in this beautiful family run fish restaurant. A nice place, good food and friendly service. Prices are good.",4
Batroun Lebanon,24952902,"Eddeh Road Opposite Petrol Station, Batroun, Lebanon, Batroun Lebanon",Furn Al Barake,https://furnalbarake.com,https://www.tripadvisor.com/Restaurant_Review-g1943861-d24952902-Reviews-Furn_Al_Barake-Batroun_North_Governorate.html?m=66827,5.0,1,Amazing restaurant,"Visited while I was on holiday. After the first visit, I became a regular and would eat there every other day if not everyday.

The food is excellent and clean. The ingredients are fresh and most of the vegetables are home grown.

The restaurant is family run and feels very welcoming.

I even asked if they do catering for birthdays and other occasions, which they do.

I would definitely recommend eating here!",5
Batroun Lebanon,26453404,Edde Lebanon,Champagne O'clock Bar,https://instagram.com/champagneoclockbar?utm_source=qr&igshid=mznlngnkzwq4mg%3d%3d,https://www.tripadvisor.com/Restaurant_Review-g26455553-d26453404-Reviews-Champagne_O_clock_Bar-Edde_North_Governorate.html?m=66827,,0,,,
Batroun Lebanon,2647474,"Makaad El Mir, Batroun Lebanon",Chez Maguy,http://www.instagram.com/chezmaguy/?hl=en,https://www.tripadvisor.com/Restaurant_Review-g1943861-d2647474-Reviews-Chez_Maguy-Batroun_North_Governorate.html?m=66827,3.0,114,Horrible,My experience at Chez Maguy Batroun was terrible—from the service to the food and even the way it was served. The price was far too high for what we received. I definitely wouldn’t recommend this place to anyone.,1
Batroun Lebanon,2647474,"Makaad El Mir, Batroun Lebanon",Chez Maguy,http://www.instagram.com/chezmaguy/?hl=en,https://www.tripadvisor.com/Restaurant_Review-g1943861-d2647474-Reviews-Chez_Maguy-Batroun_North_Governorate.html?m=66827,3.0,114,Disappointing Dining Experience at Chez Maguy,"Our visit to Chez Maguy in Batroun was a letdown from start to finish. The tabbouleh was overwhelmingly salty, the batata harra and fried fish were undercooked, and the grilled shrimp hadn’t been cleaned, leaving us to do it ourselves at the table. On top of that, the service was frustrating—an older gentleman from the staff took our salad plate before we were done and insisted it was finished, despite our objection.

We also ordered a grilled fish based on their recommendation, and while the choice itself was good, we were shocked when the bill arrived—$40 for a single piece of fish. Between the poorly prepared food, the dismissive service, and the unexpected price tag, this was not an experience I’d want to repeat or recommend.",1
Batroun Lebanon,2647474,"Makaad El Mir, Batroun Lebanon",Chez Maguy,http://www.instagram.com/chezmaguy/?hl=en,https://www.tripadvisor.com/Restaurant_Review-g1943861-d2647474-Reviews-Chez_Maguy-Batroun_North_Governorate.html?m=66827,3.0,114,Simply awful,"I should have listened to the other reviewers on trip advisor!! Although we have been to this place off season and sat outside with a beautiful view- this time around, we were extremely disappointed and actually embarrassed in front of our good friends! The food was mediocre to say the least- extremely expensive for the quality and type of fish. We asked for grilled, the small fish came out basking in some oil, smelling and was not good whatsoever. She charged 78$ for 400gms of fish!!!! What a rip off!!! The tahini sauce was watered down and tasteless🥺 the octopus was so mushy we returned it! No desert- nothing. We will never set foot in this place again.",1
Batroun Lebanon,2647474,"Makaad El Mir, Batroun Lebanon",Chez Maguy,http://www.instagram.com/chezmaguy/?hl=en,https://www.tripadvisor.com/Restaurant_Review-g1943861-d2647474-Reviews-Chez_Maguy-Batroun_North_Governorate.html?m=66827,3.0,114,very bad,"i had very bad experience at this restaurant. it was almost empty ( almost 4tables only) and yet we had to call for someone to take our order.service was very slow, unprofessional, not friendly, with attitide and arrogance. food was not generous and it was average. coffee was served in rakwa not enough for us as 4 but they charged us for 4 cups of coffee! and to rop it all, they charged us twice some items on their bill other than the lunch we had was extremely overpriced!! we will never go back there!",1
Batroun Lebanon,33364729,"Batroun Bahsa Bay, Batroun Lebanon",Bebabel Batroun Bahsa,https://bebabellebanon.com/,https://www.tripadvisor.com/Restaurant_Review-g1943861-d33364729-Reviews-Bebabel_Batroun_Bahsa-Batroun_North_Governorate.html?m=66827,,0,,,
Batroun Lebanon,25566974,"Bahsa, Batroun Lebanon",Swiss Butter,https://swissbutter.com/,https://www.tripadvisor.com/Restaurant_Review-g1943861-d25566974-Reviews-Swiss_Butter-Batroun_North_Governorate.html?m=66827,4.3,14,Affectionate,It was an amazing experience with the best waiter Ali!,5
Batroun Lebanon,25566974,"Bahsa, Batroun Lebanon",Swiss Butter,https://swissbutter.com/,https://www.tripadvisor.com/Restaurant_Review-g1943861-d25566974-Reviews-Swiss_Butter-Batroun_North_Governorate.html?m=66827,4.3,14,Amazing service and food,"I had a wonderful experience at Swiss Butter. The service was outstanding, with everything managed thoughtfully and attentively. A special thanks to our waitress, Aquilina, whose professionalism, helpfulness, and genuine kindness truly stood out. Her warm and attentive approach added an extra touch that made our visit even more delightful.",5
Batroun Lebanon,25566974,"Bahsa, Batroun Lebanon",Swiss Butter,https://swissbutter.com/,https://www.tripadvisor.com/Restaurant_Review-g1943861-d25566974-Reviews-Swiss_Butter-Batroun_North_Governorate.html?m=66827,4.3,14,A lovely lunch at swiss butter,"I had a great experience at Swiss Butter. The service was excellent, and everything was handled with care and attention. A special mention goes to our waitress, Aquilina, who was not only professional and helpful, but also genuinely kind and attentive throughout my visit. Her warm attitude made the dining experience even more enjoyable.

Highly recommend this place for both the quality of service and the welcoming atmosphere.",5
Batroun Lebanon,25566974,"Bahsa, Batroun Lebanon",Swiss Butter,https://swissbutter.com/,https://www.tripadvisor.com/Restaurant_Review-g1943861-d25566974-Reviews-Swiss_Butter-Batroun_North_Governorate.html?m=66827,4.3,14,Fraud and Very bad experience,"I had one of the worst dining experiences ever at Swiss Butter in Batroun. The food was mediocre at best, but the real problem was the dishonest way they handle orders. The waitress recommended a ribeye that wasn’t even on the menu and never told us the price — which turned out to be a shocking $55 per plate. We ordered it twice, still never being informed of the cost, only to find out at the end when the bill came. This is deceptive, unethical, and unacceptable. Any restaurant with integrity tells customers the price before selling something, especially when it’s outrageously overpriced. The service was disappointing, the experience left a bad taste in every way, and I will warn others so they don’t get ripped off the way we did.

gmitri843@gmail.com",1
Batroun Lebanon,25566974,"Bahsa, Batroun Lebanon",Swiss Butter,https://swissbutter.com/,https://www.tripadvisor.com/Restaurant_Review-g1943861-d25566974-Reviews-Swiss_Butter-Batroun_North_Governorate.html?m=66827,4.3,14,Good meet,"Location so nice, looking by the see.
Staff so friendly, and food tasty but limited menu.
Good atmosphere for a dinner during sunset",4
Batroun Lebanon,3241405,"Bahsa Street, Batroun Lebanon",Le Marin,,https://www.tripadvisor.com/Restaurant_Review-g1943861-d3241405-Reviews-Le_Marin-Batroun_North_Governorate.html?m=66827,3.6,41,I don't recommend.,"We were a group of 14 people and unfortunately none of us enjoyed the lunch. The service was very poor, and the food quality was unacceptable.

The fish (El Bizri) tasted bitter and seemed like it had been prepared the day before.

The grilled fish was unappetizing.

The kabab was still raw.

Hygiene was completely lacking: dishes, forks, and spoons even fell on the floor and were placed back on the table.

To make matters worse, no apology was offered. One staff member even admitted we were right, yet nothing was done to correct the situation.

Overall, it was a very disappointing experience, and I would not recommend this restaurant.",1
Batroun Lebanon,3241405,"Bahsa Street, Batroun Lebanon",Le Marin,,https://www.tripadvisor.com/Restaurant_Review-g1943861-d3241405-Reviews-Le_Marin-Batroun_North_Governorate.html?m=66827,3.6,41,Beautiful and quiet terrace on the sea. Good Mezze ,Nice spot on a wooden terrace on the sea. Gentle wind cooling down the heat. A little bit apart from the other bustling restaurants of Batroun. Good food and service.,4
Batroun Lebanon,3241405,"Bahsa Street, Batroun Lebanon",Le Marin,,https://www.tripadvisor.com/Restaurant_Review-g1943861-d3241405-Reviews-Le_Marin-Batroun_North_Governorate.html?m=66827,3.6,41,"Worst service, worst food quality, worst management","Worst service, worst food quality, worst management, we didn't enjoy at all, and final worst thing a bill with errors...",1
Batroun Lebanon,3241405,"Bahsa Street, Batroun Lebanon",Le Marin,,https://www.tripadvisor.com/Restaurant_Review-g1943861-d3241405-Reviews-Le_Marin-Batroun_North_Governorate.html?m=66827,3.6,41,Fabulous!,"It was everything i have expected it to be. Venue, services, hospitality were amazing. I would recommend anyone to visit.",5
Batroun Lebanon,3241405,"Bahsa Street, Batroun Lebanon",Le Marin,,https://www.tripadvisor.com/Restaurant_Review-g1943861-d3241405-Reviews-Le_Marin-Batroun_North_Governorate.html?m=66827,3.6,41,Thumbs down,"nothing in this restaurant is up to its name.
i do not know why they continue in business ? 
a restaurant is a cuisine, primarily.",1
Batroun Lebanon,7147382,"Bayadir Street, Next to Aqualand Resort, Batroun Lebanon",Colonel Beer,http://www.colonelbeer.com/,https://www.tripadvisor.com/Restaurant_Review-g1943861-d7147382-Reviews-Colonel_Beer-Batroun_North_Governorate.html?m=66827,4.1,121,Disappointing and overrated,"Poor food quality, small portions that don't illustrate at all the Lebanese hospitality, high prices that definitely don't match with the poor quality of food (oily fries, etc.) and two of the seafood dishes we had ordered from the menu were not available (they've stopped serving them but did not bother removing them from the menu). The menu is quite limited and some prices are very high for no reason  (35 USD for a dish of raw fish) We went there mostly to enjoy the nice sea view, and the music was nice, but apart from.that, it is one of these overrated  ""cool"" places that is definitely not worth it.",2
Batroun Lebanon,7147382,"Bayadir Street, Next to Aqualand Resort, Batroun Lebanon",Colonel Beer,http://www.colonelbeer.com/,https://www.tripadvisor.com/Restaurant_Review-g1943861-d7147382-Reviews-Colonel_Beer-Batroun_North_Governorate.html?m=66827,4.1,121,Another drink please,"Great atmosphere, not a big selection of draft beers. The IPA was very good.
The service lacks, waiting for staff to ask, ""Would you like another beer? or something to eat?""  They do take credit cards which is a plus and that's why I'll go back.",3
Batroun Lebanon,7147382,"Bayadir Street, Next to Aqualand Resort, Batroun Lebanon",Colonel Beer,http://www.colonelbeer.com/,https://www.tripadvisor.com/Restaurant_Review-g1943861-d7147382-Reviews-Colonel_Beer-Batroun_North_Governorate.html?m=66827,4.1,121,Worst experience ever,"We had a very bad experience. The restaurant was full, and we were told that we have to wait for 30 minutes however we saw many guests coming and sitting directly once a table is empty. The service was very slow, waiters not attentive, I had to go personally and ask for the beers three times, I had to go personally and get knives and bread. The food was late and we asked about it three times. We ordered bizri, the quality was very bad we didn’t eat it. One man told us he will check if he can replace it he went and disappeared. Although we love the place but we had an awful experience",1
Batroun Lebanon,7147382,"Bayadir Street, Next to Aqualand Resort, Batroun Lebanon",Colonel Beer,http://www.colonelbeer.com/,https://www.tripadvisor.com/Restaurant_Review-g1943861-d7147382-Reviews-Colonel_Beer-Batroun_North_Governorate.html?m=66827,4.1,121,Wonderful place to visit.,"Amazing food, positive vibes, wonderful team.
Best place in batroun.🥰🥰🥰🥰 and don't forget the best Beer ever. Cheers",5
Batroun Lebanon,33364900,"Bahsa0000, Batroun 0000 Lebanon",Maison Prunelle,,https://www.tripadvisor.com/Restaurant_Review-g1943861-d33364900-Reviews-Maison_Prunelle-Batroun_North_Governorate.html?m=66827,,0,,,
Batroun Lebanon,14193506,"902 Street Hilmi's building, Batroun Lebanon",Hilmi's House of Lemonade,http://www.facebook.com/hilmislemonade/,https://www.tripadvisor.com/Restaurant_Review-g1943861-d14193506-Reviews-Hilmi_s_House_of_Lemonade-Batroun_North_Governorate.html?m=66827,4.3,35,Not reflecting batroun image,"Need to work on your employees. Helmi is more than a restaurant it should reflect the image of batroun. Your employees
 Should be locals",1
Batroun Lebanon,14193506,"902 Street Hilmi's building, Batroun Lebanon",Hilmi's House of Lemonade,http://www.facebook.com/hilmislemonade/,https://www.tripadvisor.com/Restaurant_Review-g1943861-d14193506-Reviews-Hilmi_s_House_of_Lemonade-Batroun_North_Governorate.html?m=66827,4.3,35,amazing experience,the service is excellent and the waiters are so nice and good plus generous the lemonade and the ice cream flavors are so good it’s so worth it to go there and it’s an excellent idea to visit this amazing town.,5
Batroun Lebanon,14193506,"902 Street Hilmi's building, Batroun Lebanon",Hilmi's House of Lemonade,http://www.facebook.com/hilmislemonade/,https://www.tripadvisor.com/Restaurant_Review-g1943861-d14193506-Reviews-Hilmi_s_House_of_Lemonade-Batroun_North_Governorate.html?m=66827,4.3,35,Worst lemonade ever,"The lemonade is not delicious, Composed of water and sugar
The minted lemonade is not tasty
It's overrated in batroun
Not recommended at all",1
Batroun Lebanon,33376097,"Boustane El Aassi On Top Of Kfarhelda Waterfall, Batroun Lebanon",Al Tawaheen Restaurant,,https://www.tripadvisor.com/Restaurant_Review-g1943861-d33376097-Reviews-Al_Tawaheen_Restaurant-Batroun_North_Governorate.html?m=66827,,0,,,
Batroun Lebanon,33363506,"Batroun Bahsa, Batroun 0000 Lebanon",Bebabel Batroun,https://bebabellebanon.com/,https://www.tripadvisor.com/Restaurant_Review-g1943861-d33363506-Reviews-Bebabel_Batroun-Batroun_North_Governorate.html?m=66827,,0,,,
Batroun Lebanon,33052617,"Batroun Main Road, Batroun Lebanon",Edenberg Batroun,https://www.instagram.com/edenberg.eat?igsh=mxhic253bxlznmzwda==,https://www.tripadvisor.com/Restaurant_Review-g1943861-d33052617-Reviews-Edenberg_Batroun-Batroun_North_Governorate.html?m=66827,,0,,,
Batroun Lebanon,26300797,"Yazz, Batroun Lebanon",YAZZ Lounge & Garden,https://www.instagram.com/yazz.batroun/,https://www.tripadvisor.com/Restaurant_Review-g1943861-d26300797-Reviews-YAZZ_Lounge_Garden-Batroun_North_Governorate.html?m=66827,,0,,,
Batroun Lebanon,26262580,"Old Souk Batroun, Batroun Lebanon",YAZZ Lounge & Garden,https://www.instagram.com/yazz.batroun/,https://www.tripadvisor.com/Restaurant_Review-g1943861-d26262580-Reviews-YAZZ_Lounge_Garden-Batroun_North_Governorate.html?m=66827,5.0,1,The vibrant place in Batroun!,"Great place for dinner and drinks. Loved the decoration.
The entertainment schedule is varied and unique!
Highly recommended",5
Batroun Lebanon,25273311,"Street 14 Old Souks, Batroun Lebanon",Yasamin By The Mediterranean,https://www.facebook.com/Yasamin.batroun/,https://www.tripadvisor.com/Restaurant_Review-g1943861-d25273311-Reviews-Yasamin_By_The_Mediterranean-Batroun_North_Governorate.html?m=66827,4.0,3,Overrated,"The location is great, i recommend the martini there, it was great. 
On the other hand, very over rated. 
We ordered the lamb rack (i like it medium rare) but i had to order it well done as my partner is sensitive to meat, and i received it medium to medium well, with mushy eggplants.
Greek salad, could be executed in a better way without destroying the identity of it, which destroyed the taste, as well as the cheese, the king of usual greek salad, which it wasn't during my experience. 

I only give good point for the service, they were friendly.",2
Batroun Lebanon,25273311,"Street 14 Old Souks, Batroun Lebanon",Yasamin By The Mediterranean,https://www.facebook.com/Yasamin.batroun/,https://www.tripadvisor.com/Restaurant_Review-g1943861-d25273311-Reviews-Yasamin_By_The_Mediterranean-Batroun_North_Governorate.html?m=66827,4.0,3,Best fine-dining experience,"Best fine dining experience!!
Located in the heart of Batroun, Yasamin is the go-to place for exquisite dishes, beautiful interiors and appealing desserts.
Highly recommended!!",5
Batroun Lebanon,25273311,"Street 14 Old Souks, Batroun Lebanon",Yasamin By The Mediterranean,https://www.facebook.com/Yasamin.batroun/,https://www.tripadvisor.com/Restaurant_Review-g1943861-d25273311-Reviews-Yasamin_By_The_Mediterranean-Batroun_North_Governorate.html?m=66827,4.0,3,real fine dining,"We loved it!  Great food, fresh ingredients, nicely presented. Unique, the crab salad! Not simply an upscale restaurant, but something to remember. ",5
Batroun Lebanon,14990665,"Hardini Street, Batroun Lebanon",Bedo's Bakery,http://www.facebook.com/BedosBakery/,https://www.tripadvisor.com/Restaurant_Review-g1943861-d14990665-Reviews-Bedo_s_Bakery-Batroun_North_Governorate.html?m=66827,5.0,1,Bedo's Bakery is a must while traveling in Batroun Lebanon,Excellent bakery in the heart of Batroun Lebanon.   Peter the owner is friendly and personally prepares all of the products his restaurants offers.   Great Lebanese food and excellent service.  Highly recommend this place if you are traveling through Batroun.,5
Batroun Lebanon,10474551,Batroun Lebanon,Taiga Cafe,https://www.facebook.com/TaigaCafe/?rf=162195190508831,https://www.tripadvisor.com/Restaurant_Review-g1943861-d10474551-Reviews-Taiga_Cafe-Batroun_North_Governorate.html?m=66827,4.0,8,Won’t be going again,"One of the worse meals I had in Lebanon in my holiday 
The food is bad quality and badly cooked 
No flavours 
The parking is bad 
Overpriced",1
Batroun Lebanon,10474551,Batroun Lebanon,Taiga Cafe,https://www.facebook.com/TaigaCafe/?rf=162195190508831,https://www.tripadvisor.com/Restaurant_Review-g1943861-d10474551-Reviews-Taiga_Cafe-Batroun_North_Governorate.html?m=66827,4.0,8,Excellent food!,"My gluten free meal was very tasty! very friendly and welcoming staff, great for families as they have kids play area. Highly recommended",5
Batroun Lebanon,10474551,Batroun Lebanon,Taiga Cafe,https://www.facebook.com/TaigaCafe/?rf=162195190508831,https://www.tripadvisor.com/Restaurant_Review-g1943861-d10474551-Reviews-Taiga_Cafe-Batroun_North_Governorate.html?m=66827,4.0,8,Relaxing,"One of the best cafe in batroun
Shisha is amazing and nice
Staff is so friendly and welcoming
Food is so delicious and tasty
Recommended",5
Batroun Lebanon,10474551,Batroun Lebanon,Taiga Cafe,https://www.facebook.com/TaigaCafe/?rf=162195190508831,https://www.tripadvisor.com/Restaurant_Review-g1943861-d10474551-Reviews-Taiga_Cafe-Batroun_North_Governorate.html?m=66827,4.0,8,Best place ,"Great place  and tasty food and friendly staff . Also they have a playground for kids . 
Recommended for all ",5
Batroun Lebanon,10474551,Batroun Lebanon,Taiga Cafe,https://www.facebook.com/TaigaCafe/?rf=162195190508831,https://www.tripadvisor.com/Restaurant_Review-g1943861-d10474551-Reviews-Taiga_Cafe-Batroun_North_Governorate.html?m=66827,4.0,8,Great for families,Nice place. Excellent food. Hooka is the best. There is a play area for kids so adults could enjoy their food quietly. The lemonade is very tasty.,5
Batroun Lebanon,14974343,"Cheikh Mrah Street, Batroun Lebanon",Merchak Cafe,,https://www.tripadvisor.com/Restaurant_Review-g1943861-d14974343-Reviews-Merchak_Cafe-Batroun_North_Governorate.html?m=66827,3.2,5,Worst restaurant,"The worst restaurant ever!
Untasty food, poor portion, unpleasant ambiance, rude management and very dirty restrooms🤮",1
Batroun Lebanon,14974343,"Cheikh Mrah Street, Batroun Lebanon",Merchak Cafe,,https://www.tripadvisor.com/Restaurant_Review-g1943861-d14974343-Reviews-Merchak_Cafe-Batroun_North_Governorate.html?m=66827,3.2,5,Merchak Belsouk,What a fun spot 🤩 Saturday night street party basically. Service was continuously attentive. Food was served ascetically pleasing and the party was all around us. Well done Batroun 👏🏼,5
Batroun Lebanon,14974343,"Cheikh Mrah Street, Batroun Lebanon",Merchak Cafe,,https://www.tripadvisor.com/Restaurant_Review-g1943861-d14974343-Reviews-Merchak_Cafe-Batroun_North_Governorate.html?m=66827,3.2,5,Terrible experience,"Worst service ever!! We went for dinner, we were told that there is no place outdoors, we asked to reserve for the second day for lunch they told us we should call in the morning and reserve. After calling multiple times in the morning with no answer, we went to Merchak again, the restaurant was empty, the receptionist were so RUDE, did not accept to give us a seat outdoors and told us even though we called in the morning to reserve, the restaurant was full!!
Unprofessional.",1
Batroun Lebanon,14974343,"Cheikh Mrah Street, Batroun Lebanon",Merchak Cafe,,https://www.tripadvisor.com/Restaurant_Review-g1943861-d14974343-Reviews-Merchak_Cafe-Batroun_North_Governorate.html?m=66827,3.2,5,Generous lunch,"A very generous restaurant located close to the old souk of Batroun. Their portions are huge! I always go there for their salads.
The service is really fast, they never failed to get your order ready by minutes.",4
Batroun Lebanon,14974343,"Cheikh Mrah Street, Batroun Lebanon",Merchak Cafe,,https://www.tripadvisor.com/Restaurant_Review-g1943861-d14974343-Reviews-Merchak_Cafe-Batroun_North_Governorate.html?m=66827,3.2,5,"Great food, no view ","I am confused a little bit about my opinion in this place, the food was super delicious and good, service was great. The waiter was super friendly, respectful and nice. Although, I didn’t like the restaurant itself. It is far from the other restaurants and pubs in Batroun. It is located in a small street on the other side of the town, so there is no view for the whole place. If I am going to eat in Batroun, or even drink a great lemonade, and have good chat with my friends or family, this restaurant is going to be my must, but actually there is nothing unique about this restaurant beside its great food. Still highly recommended for its delicate food.",5
Batroun Lebanon,24988187,"1400 Street 11, Batroun, Batroun Lebanon",Big Mike's Burgers,,https://www.tripadvisor.com/Restaurant_Review-g1943861-d24988187-Reviews-Big_Mike_s_Burgers-Batroun_North_Governorate.html?m=66827,4.4,7,Terrible,Fries and burger were both cold. Not even a little bit warm. Just cold. Meat wasn’t decently cooked. More like raw. Very disappointing food. No care at all. First and last time ordering.,1
Batroun Lebanon,24988187,"1400 Street 11, Batroun, Batroun Lebanon",Big Mike's Burgers,,https://www.tripadvisor.com/Restaurant_Review-g1943861-d24988187-Reviews-Big_Mike_s_Burgers-Batroun_North_Governorate.html?m=66827,4.4,7,"Perfect, succulent, delicious ","Far and away the best burger in Lebanon.  

Sadly this is a summer only location at the moment.  Cannot wait for the winter location to be announced!",5
Batroun Lebanon,24988187,"1400 Street 11, Batroun, Batroun Lebanon",Big Mike's Burgers,,https://www.tripadvisor.com/Restaurant_Review-g1943861-d24988187-Reviews-Big_Mike_s_Burgers-Batroun_North_Governorate.html?m=66827,4.4,7,The best gets better!,"Everyone tells you that the best burger is at Bigmikes in Batroun but until you go try it you have NO IDEA!  The burgers here define 'best'!  

Frankly, there is no burger to get close to the delicious freshly minced south american beef in Bigmikes patties. And if the meat itself is not enough to overwhelm you then the potato bun, the relish and pickles should have you salivating until the you need a litre of water to replenish you!",5
Batroun Lebanon,24988187,"1400 Street 11, Batroun, Batroun Lebanon",Big Mike's Burgers,,https://www.tripadvisor.com/Restaurant_Review-g1943861-d24988187-Reviews-Big_Mike_s_Burgers-Batroun_North_Governorate.html?m=66827,4.4,7,Best burger in Lebanon 🇱🇧 ,"Very nice and layback atmosphere. But the best part of this place is the food. Delicious tasting burgers made with the best quality,  fresh and tender Australian Angus beef. So tender it melts in your mouth!!! The best part is the chef’s secret spices and sauce that give it a unique and amazing flavor. A MUST TASTE!!!",5
Batroun Lebanon,24988187,"1400 Street 11, Batroun, Batroun Lebanon",Big Mike's Burgers,,https://www.tripadvisor.com/Restaurant_Review-g1943861-d24988187-Reviews-Big_Mike_s_Burgers-Batroun_North_Governorate.html?m=66827,4.4,7,The burger to try,"As an amateur of Burger, i strongly suggest to try this spot.. freshly ground meat that makes you question any other burger",5
Batroun Lebanon,23388741,"Eddeh Main Street, Batroun Lebanon",Greenhouse Cafeandbar,https://www.facebook.com/GreenHouseCafeandBar/,https://www.tripadvisor.com/Restaurant_Review-g1943861-d23388741-Reviews-Greenhouse_Cafeandbar-Batroun_North_Governorate.html?m=66827,5.0,2,Lovely ,"Amazing place, cozy, lovely service and atmosphere. Food was delicious and music was great. The waiters were smiling and very polite, not to mention the lovely dog (Karma) who loves the smell of pizza and is also friendly ❤️❤️",5
Batroun Lebanon,23388741,"Eddeh Main Street, Batroun Lebanon",Greenhouse Cafeandbar,https://www.facebook.com/GreenHouseCafeandBar/,https://www.tripadvisor.com/Restaurant_Review-g1943861-d23388741-Reviews-Greenhouse_Cafeandbar-Batroun_North_Governorate.html?m=66827,5.0,2,Great atmosphere!,"Lovely atmosphere at this very exotic and lush bar with a great view of Batroun! The interior designer Philip himself did show me around his lovely place and I also had some great strawberry cocktails. The interior is inspired by the Amazon well mixed with some oriental influence. The good is also really good here and the staff very, very lovely!",5
Batroun Lebanon,25150709,"149 Street 12, House Street Leading To Bahsa Beach, Batroun Lebanon",Barakit Asmat Cafe Bistro,https://instagram.com/barakitasmat?igshid=ymmymta2m2y=,https://www.tripadvisor.com/Restaurant_Review-g1943861-d25150709-Reviews-Barakit_Asmat_Cafe_Bistro-Batroun_North_Governorate.html?m=66827,4.8,5,Must visit,Amazing and very clean guesthouse and cafe with delicious vegan food.. friendly staff and you feel relaxed  with the calm vibes.. i will definitely visit it again💫💚,5
Batroun Lebanon,25150709,"149 Street 12, House Street Leading To Bahsa Beach, Batroun Lebanon",Barakit Asmat Cafe Bistro,https://instagram.com/barakitasmat?igshid=ymmymta2m2y=,https://www.tripadvisor.com/Restaurant_Review-g1943861-d25150709-Reviews-Barakit_Asmat_Cafe_Bistro-Batroun_North_Governorate.html?m=66827,4.8,5,Great food at the café,the cafe serves the most tasteful healthy fresh food for affordable prices in Batroun. the hot chocolate is to die for and the hospitality is heartwarming.,5
Batroun Lebanon,25150709,"149 Street 12, House Street Leading To Bahsa Beach, Batroun Lebanon",Barakit Asmat Cafe Bistro,https://instagram.com/barakitasmat?igshid=ymmymta2m2y=,https://www.tripadvisor.com/Restaurant_Review-g1943861-d25150709-Reviews-Barakit_Asmat_Cafe_Bistro-Batroun_North_Governorate.html?m=66827,4.8,5,Coffee Hotspot!,"I love this place. Feels like I’m visiting a mate’s house rather than a cafe. Bring your family and pets, sit in the garden and dig into some delicious avocado toast with a fresh juice and an amazing French press coffee. Very friendly staff and host, cozy laid-back atmosphere, great music and relaxed vibe. A regular visit at least once a week!",4
Batroun Lebanon,25150709,"149 Street 12, House Street Leading To Bahsa Beach, Batroun Lebanon",Barakit Asmat Cafe Bistro,https://instagram.com/barakitasmat?igshid=ymmymta2m2y=,https://www.tripadvisor.com/Restaurant_Review-g1943861-d25150709-Reviews-Barakit_Asmat_Cafe_Bistro-Batroun_North_Governorate.html?m=66827,4.8,5,Barakit asmat,This place is elegant with an awesome vibe. the food was amazing. My favorite is goat labneh and kaakeh kashkawen The team was friendly.,5
Batroun Lebanon,25150709,"149 Street 12, House Street Leading To Bahsa Beach, Batroun Lebanon",Barakit Asmat Cafe Bistro,https://instagram.com/barakitasmat?igshid=ymmymta2m2y=,https://www.tripadvisor.com/Restaurant_Review-g1943861-d25150709-Reviews-Barakit_Asmat_Cafe_Bistro-Batroun_North_Governorate.html?m=66827,4.8,5,Café in Batroun,"A lovely place located in the heart of Batroun, where we had coffee and food. They have a variety of food selection! We had the Vegan avo and Goat Labneh toast! A must try.
You can check their menu on instagram: Barakit Asmat.
It's a really calm and cozy place where you can relax, take a break during your tour in Batroun.
They also have Orso Bianco's ice cream🤩",5
Batroun Lebanon,26363779,"Batroun, Batroun Lebanon",Butlers Beach Club,https://butlersbeachclub.com/,https://www.tripadvisor.com/Restaurant_Review-g1943861-d26363779-Reviews-Butlers_Beach_Club-Batroun_North_Governorate.html?m=66827,3.3,6,"""Exorbitant Prices and Slow Service Mar Otherwise Promising Venue""","The venue boasts a commendable location, strategically positioned near the highway in northern Lebanon, not far from the city of Batroun. They offer an electric cart service to transport guests from the entrance to the beach, where an array of comfortable tables and chairs are available. The service, albeit courteous, is noticeably slow. The DJ requires a considerable amount of time to play invigorating music; initially, the music was exceedingly monotonous, only improving after 10:00 PM when livelier tunes finally emerged. Unfortunately, by this time, a significant portion of my friends had already left, disheartened by the earlier dull atmosphere. 

The food, while decent, is exorbitantly priced. A bottle of gin, which typically costs $25, was outrageously marked up to $128. Our modest consumption of some snacks and soft drinks, along with the gin, culminated in a staggering bill of $462. The pricing is egregiously inflated, posing a severe detriment to tourism. In numerous other countries with far superior infrastructure (such as roads, cleanliness, and service) — like Spain, France, Italy, Greece, Kazakhstan, and even Dubai — the maximum expenditure per person, including excellent food and beverages, would be approximately $40. Adding insult to injury, the valet parking demanded an additional $5.50 as a fee. In many countries, parking is complimentary when dining at a restaurant.

In Lebanon, it seems exploitation is rampant, extending beyond just the banks and political system. I intend to boycott all restaurants and pubs this summer and strongly urge others to do the same to compel these establishments to reevaluate their prices and cease their exploitative practices.",3
Batroun Lebanon,26363779,"Batroun, Batroun Lebanon",Butlers Beach Club,https://butlersbeachclub.com/,https://www.tripadvisor.com/Restaurant_Review-g1943861-d26363779-Reviews-Butlers_Beach_Club-Batroun_North_Governorate.html?m=66827,3.3,6,"""Extremely Disappointing Reservation Experience at Butlers: Unfulfilled Promises and Poor Service""","""Extremely disappointed with my recent reservation experience at Butlers on June 1. We paid 50% in advance and received confirmation for three tables with 12 seats. However, upon arrival, our tables were given away. After a long wait, we were seated near the restrooms with no resolution. The entire staff, including the unhelpful manager, failed to address our concerns. This falls far short of the promises made during the booking process. We hope Butlers takes this feedback seriously and improves their service for future guests. #dissatisfiedcustomer #poorcustomerservice #butlersrestaurant""",1
Batroun Lebanon,26363779,"Batroun, Batroun Lebanon",Butlers Beach Club,https://butlersbeachclub.com/,https://www.tripadvisor.com/Restaurant_Review-g1943861-d26363779-Reviews-Butlers_Beach_Club-Batroun_North_Governorate.html?m=66827,3.3,6,Hate it,"I hated this place. First, it’s hard to find it easily because the beach is a part of a hotel so no no sign for the beach there is only a sign for the hotel which has a different name. The pool is little bit bigger than a bathtub. We were 10 people and they put us in a place for 5 places although we had a reservation and there was plenty of places next to the beach. Food is average not generous at all at high price. I don’t recommend. Batroun has plenty of beaches much better than this one.",1
Batroun Lebanon,26363779,"Batroun, Batroun Lebanon",Butlers Beach Club,https://butlersbeachclub.com/,https://www.tripadvisor.com/Restaurant_Review-g1943861-d26363779-Reviews-Butlers_Beach_Club-Batroun_North_Governorate.html?m=66827,3.3,6,Best place for Sunset & Dinner,"Best place in Batroun. Excellent food, music, drinks & vibes. Amazing sunset experience. Amazing service",5
Batroun Lebanon,26363779,"Batroun, Batroun Lebanon",Butlers Beach Club,https://butlersbeachclub.com/,https://www.tripadvisor.com/Restaurant_Review-g1943861-d26363779-Reviews-Butlers_Beach_Club-Batroun_North_Governorate.html?m=66827,3.3,6,Upscale Beach Club,"The service, ambience, crowd and food is amazing. It is a very elegant and upscale venue. I would definitely recommend it for a great beach day or evening dinner and drinks. Make sure you have a reservation though.",5
Batroun Lebanon,15048841,"13 Mina Street, Batroun Lebanon",Oyster's Seafood Bar,https://oysters-seafood-bar.business.site,https://www.tripadvisor.com/Restaurant_Review-g1943861-d15048841-Reviews-Oyster_s_Seafood_Bar-Batroun_North_Governorate.html?m=66827,3.3,14,Rude Service and Poor Quality at Oysters – Never Again,"I had a very disappointing experience at Oysters this year. We ordered grilled calamari and were served only the tentacles instead of the actual calamari, which absolutely did not match the price. When we complained, both the waiter and the manager were extremely rude, insisting “this is how we serve it.” We even showed them the restaurant’s own Instagram photos, which clearly showed a completely different dish, but the manager dismissed us by saying those pictures are just for advertising.

I visited Oysters back in 2023 and had a wonderful experience — but this time, it was the complete opposite. The fish were tasteless, the fried shrimps were served with the heads and not cleaned properly, and the calamari was a total disaster. Not only did they refuse to apologize, but the manager was unprofessional, impolite, and even threw some unnecessary words at us before walking away.

We didn’t mind paying for the dish, but we simply didn’t want it. Instead of handling the situation with professionalism, the management’s attitude made everything worse. Honestly, this visit wasn’t even worth one star.",1
Batroun Lebanon,15048841,"13 Mina Street, Batroun Lebanon",Oyster's Seafood Bar,https://oysters-seafood-bar.business.site,https://www.tripadvisor.com/Restaurant_Review-g1943861-d15048841-Reviews-Oyster_s_Seafood_Bar-Batroun_North_Governorate.html?m=66827,3.3,14,Nice restaurant by the seaside,"My friend and I stumbled on this restaurant by accident. We had gone to see the Phoenician wall, and we parked right in front of the restaurant just by the sea.
The staff were very nice, especially a young lady, I forgot to ask her name. They took their time to explain the dishes to us. We had Fattouch, tabbouleh, and grilled pig fish. The food was very nice, as was the lemonade.
Oysters are their specialty, so I decided to have one (my first time ever). I am sure I will try it again.
",5
Batroun Lebanon,15048841,"13 Mina Street, Batroun Lebanon",Oyster's Seafood Bar,https://oysters-seafood-bar.business.site,https://www.tripadvisor.com/Restaurant_Review-g1943861-d15048841-Reviews-Oyster_s_Seafood_Bar-Batroun_North_Governorate.html?m=66827,3.3,14,"IF IN BATROUN AND YOU SEE A RESTAURANT CALLED OYSTERS THST LOOKS SO INVITING FOR A SUNSET, DO NOT GO THERE!","My last night in Lebanon, I go to watch the sunset and see this charming seafood place called Oysters near St Estephan Church.
I ask for oysters, the one server who spoke English said they didn’t have any, then said he would check. 10 minutes later he says yes, they have 6. I’ve eaten oysters all over the world and this place looked safe…..but it is NOT.
The oysters looked funny and had a white substance dripping off them. The server told me it was “the sauce they put on them”. Sauce? What? So I tried one with the least milky stuff on it and it tasted rancid. I spit it out into a napkin. 
I told the staff they are bad, and these were likely sitting out for hours.
They insisted I had to pay, and get this, they were 5 USDs an oyster!!! No oysters in the US are that expensive.
I was told to wait for the owner. 30 minutes later he walks up and I explained what happened. The 2 servers who served me ran off in their car. Apparently another oyster was missing. I swore I did not even eat the one and spit it out. 
He told me there was nothing he could do, he must pay for each oyster. I told him if he went to a restaurant and the food was bad, would he pay? He said “Of course”
WRONG!!!!
AVOID THIS PLACE! Maybe I was naive and stupid to try and eat oysters in Lebanon, but I have eaten many places and should’ve really been more careful, but just as a warning to others….DO NOT EAT HERE!
I usually write good reviews, but this could be one of my worst ones ever!",1
Batroun Lebanon,15048841,"13 Mina Street, Batroun Lebanon",Oyster's Seafood Bar,https://oysters-seafood-bar.business.site,https://www.tripadvisor.com/Restaurant_Review-g1943861-d15048841-Reviews-Oyster_s_Seafood_Bar-Batroun_North_Governorate.html?m=66827,3.3,14,Family evening meal,This was an impromptu visit while out siteseeing. We happened upon this venue. Great evening sunset views and the food was excellent. This is a family run establishment with all of the food prepared on the premises. Our server was exceptionally well versed in food available and did not need to write down anything from our extensive food order. Well worth the visit.,5
Batroun Lebanon,23354815,"Main Street, Batroun Lebanon",Jessy Juice,https://www.facebook.com/jessyjuice1991/,https://www.tripadvisor.com/Restaurant_Review-g1943861-d23354815-Reviews-Jessy_Juice-Batroun_North_Governorate.html?m=66827,5.0,3,A place to visit,"A place where you can find a large variety of desserts including ice cream, fresh juices, milkshakes, crepes, waffles and more. Very recommended ",5
Batroun Lebanon,23354815,"Main Street, Batroun Lebanon",Jessy Juice,https://www.facebook.com/jessyjuice1991/,https://www.tripadvisor.com/Restaurant_Review-g1943861-d23354815-Reviews-Jessy_Juice-Batroun_North_Governorate.html?m=66827,5.0,3,Amazing Place To Visit ,"Really the best and coolest crepe & cocktails place I have ever been to.
staff are so friendly.
you feel like at home
prices are fair
service is perfect",5
Batroun Lebanon,23354815,"Main Street, Batroun Lebanon",Jessy Juice,https://www.facebook.com/jessyjuice1991/,https://www.tripadvisor.com/Restaurant_Review-g1943861-d23354815-Reviews-Jessy_Juice-Batroun_North_Governorate.html?m=66827,5.0,3,In love with this place ,Loveliest place to go with friends and family such a lovely staff and such a vibe the desserts and there fresh juices are soo yumyyy,5
Batroun Lebanon,23753415,Batroun Lebanon,Elie's Yard,https://l.facebook.com/l.php?u=https%3A%2F%2Feliesyardbatroun.weebly.com%2Fcontact.html%3Ffbclid%3DIwAR231SVp6U70oNa6EXCkTnc78IV9U3z3BPTTOaSSwBuJXiTA0mUbfN-vJE4&h=AT0kPgp9coAlHgFvFmBkX4VmVEsy4TErHS-5AZq0w6LxgIfClGJE1Fqp9732JhraCucI-Sn9HeyS35Osul9HwSXPZ_drARZUG615XYI3BFA9uo5Wu8_EY7SzOvrgQcLi6WEDbQ,https://www.tripadvisor.com/Restaurant_Review-g1943861-d23753415-Reviews-Elie_s_Yard-Batroun_North_Governorate.html?m=66827,,0,,,
Batroun Lebanon,28015373,"Sea Side Rd, Batroun Lebanon",Lakkis Farm Restaurant - Batroun,https://lakkisfarm.com/,https://www.tripadvisor.com/Restaurant_Review-g1943861-d28015373-Reviews-Lakkis_Farm_Restaurant_Batroun-Batroun_North_Governorate.html?m=66827,2.0,5,Bad,"Slow service 
Weird staff
The patisserie chef was looking at us in an awkward way .
Tnxu
Good food,nice atmosphere.great location",1
Batroun Lebanon,28015373,"Sea Side Rd, Batroun Lebanon",Lakkis Farm Restaurant - Batroun,https://lakkisfarm.com/,https://www.tripadvisor.com/Restaurant_Review-g1943861-d28015373-Reviews-Lakkis_Farm_Restaurant_Batroun-Batroun_North_Governorate.html?m=66827,2.0,5,Horrible food experience,"This was one of the worst food experiences. Fattush had a weird taste & they brought us a raw pink chicken, and when we told them, they brought us another one with a horrible smell, we couldn't touch and we paid for it. Horrible place and never going there. This is the second terrible experience at this place. Overhyped and terrible.",1
Batroun Lebanon,28015373,"Sea Side Rd, Batroun Lebanon",Lakkis Farm Restaurant - Batroun,https://lakkisfarm.com/,https://www.tripadvisor.com/Restaurant_Review-g1943861-d28015373-Reviews-Lakkis_Farm_Restaurant_Batroun-Batroun_North_Governorate.html?m=66827,2.0,5,"High Investment, Lower Service Quality","We ordered coffee more than four times, but the waiters and their communication were not up to standard. Lakkis has invested a lot, but they need to improve the performance of their frontliners, or they will risk losing more customers.

We went to buy meat on a Sunday morning and I asked for the meat to be skewered. The butcher told me they didn’t have time because they were too busy. However, this is unacceptable since we are paying a higher price for the meat compared to other high-quality butchers like Bakkar in Tripoli.

If Lakkis continues with the same level of service, they will lose many customers.",2
Batroun Lebanon,28015373,"Sea Side Rd, Batroun Lebanon",Lakkis Farm Restaurant - Batroun,https://lakkisfarm.com/,https://www.tripadvisor.com/Restaurant_Review-g1943861-d28015373-Reviews-Lakkis_Farm_Restaurant_Batroun-Batroun_North_Governorate.html?m=66827,2.0,5,Excellent,Very good service the food was amazing and the place was amazing the desserts was so tasty  the atmosphere was good and we had a nice experience.,5
Batroun Lebanon,28015373,"Sea Side Rd, Batroun Lebanon",Lakkis Farm Restaurant - Batroun,https://lakkisfarm.com/,https://www.tripadvisor.com/Restaurant_Review-g1943861-d28015373-Reviews-Lakkis_Farm_Restaurant_Batroun-Batroun_North_Governorate.html?m=66827,2.0,5,Bad,"Worst taste of food ever 
Worst service 
Food is not tasty at all
We asked for water more than 6 times 
Terrible experience not recommended at all",1
Batroun Lebanon,2313301,"Main Street, Batroun 0000 Lebanon",Patisserie RIM,http://www.patisserierim.com,https://www.tripadvisor.com/Restaurant_Review-g1943861-d2313301-Reviews-Patisserie_RIM-Batroun_North_Governorate.html?m=66827,4.8,51,Best lemonade in Batroun,Absolutely delicious and what a wonderful warm  store owner. Has been there  for 60 years.  Delicious coffee and sweets and lemonade! A must !!!,5
Batroun Lebanon,2313301,"Main Street, Batroun 0000 Lebanon",Patisserie RIM,http://www.patisserierim.com,https://www.tripadvisor.com/Restaurant_Review-g1943861-d2313301-Reviews-Patisserie_RIM-Batroun_North_Governorate.html?m=66827,4.8,51,Lemonade at Rim's,"This place makes the best lemonade!!
Very friendly and welcoming staff.
Great prices.
Totally recommend it!!!",5
Batroun Lebanon,2313301,"Main Street, Batroun 0000 Lebanon",Patisserie RIM,http://www.patisserierim.com,https://www.tripadvisor.com/Restaurant_Review-g1943861-d2313301-Reviews-Patisserie_RIM-Batroun_North_Governorate.html?m=66827,4.8,51,Refreshing Lemonade,The lemonade is perfect balanced and not too sweet. This is the best lemonade I have tasted. It’s perfect for this sunny and hot day. So refreshing. Service was excellent and welcoming.,5
Batroun Lebanon,2313301,"Main Street, Batroun 0000 Lebanon",Patisserie RIM,http://www.patisserierim.com,https://www.tripadvisor.com/Restaurant_Review-g1943861-d2313301-Reviews-Patisserie_RIM-Batroun_North_Governorate.html?m=66827,4.8,51,Delicious,"Best homemade like lemonade,delicious natural ice cream and wonderful friendly service…A MUST try when you’re in Batroun Lebanon",5
Batroun Lebanon,24045811,"Batroun Old Souks, Batroun Lebanon",Ohannes,,https://www.tripadvisor.com/Restaurant_Review-g1943861-d24045811-Reviews-Ohannes-Batroun_North_Governorate.html?m=66827,3.8,10,No taste .,"I am talking about Ohannes sandwich which is a branch of Ohannes restaurant in Batroun.
They serve chawarma .
My experience is very bad. Their sandwiches are very small very expensive and tasteless . In fact i tried all 3 kinds of chawarma they serve and all of them are not good . I strongly do not recommend this place.",1
Batroun Lebanon,24045811,"Batroun Old Souks, Batroun Lebanon",Ohannes,,https://www.tripadvisor.com/Restaurant_Review-g1943861-d24045811-Reviews-Ohannes-Batroun_North_Governorate.html?m=66827,3.8,10,Good food good mood 😋 ,"Food was amazing, menteh & kebab with 🍒 cherry jams,Fattoush , kebbeh raw all were delicious 😋. I love this place located in the heart Batroun old souk service was quick & personnels were very helpful and polite ",5
Batroun Lebanon,24045811,"Batroun Old Souks, Batroun Lebanon",Ohannes,,https://www.tripadvisor.com/Restaurant_Review-g1943861-d24045811-Reviews-Ohannes-Batroun_North_Governorate.html?m=66827,3.8,10,"Lovely place, lovely food",Very delicious dishes. A big variety that vegetarians and vegans will love as much as meat eaters. Very beautiful location and good service.,5
Batroun Lebanon,24045811,"Batroun Old Souks, Batroun Lebanon",Ohannes,,https://www.tripadvisor.com/Restaurant_Review-g1943861-d24045811-Reviews-Ohannes-Batroun_North_Governorate.html?m=66827,3.8,10,What a rip off,This place is a rip off: small overpriced dishes with that are ok at best... And he has the nerve to delete your review if it's bad! ,1
Batroun Lebanon,24045811,"Batroun Old Souks, Batroun Lebanon",Ohannes,,https://www.tripadvisor.com/Restaurant_Review-g1943861-d24045811-Reviews-Ohannes-Batroun_North_Governorate.html?m=66827,3.8,10,Good location and vibes…!,"Located in the old city of batroun… amazing vibes at night, surrounded by several pubs and restaurants. The restaurant was busy better to book in advance mainly during the week ends. The service was good and the food was tasty too. It’s mainly Armenian food with different kind of borek, barbecue, salads, mezzes… we paid around 23 eur per person including a bottle of araki and water. The desert was really just ok. I recommend it.",5
Batroun Lebanon,34102517,"Main St., Batroun Lebanon",Le Kareem,http://www.lekareem.com,https://www.tripadvisor.com/Restaurant_Review-g1943861-d34102517-Reviews-Le_Kareem-Batroun_North_Governorate.html?m=66827,,0,,,
Batroun Lebanon,26786027,"Batroun Old Souks, Batroun Lebanon",Tramway Batroun,,https://www.tripadvisor.com/Restaurant_Review-g1943861-d26786027-Reviews-Tramway_Batroun-Batroun_North_Governorate.html?m=66827,,0,,,
Batroun Lebanon,12615817,"Main Street Old Souk Street a1, Chekka Lebanon",Hometown,http://www.facebook.com/HometownSushiPub/,https://www.tripadvisor.com/Restaurant_Review-g6538961-d12615817-Reviews-Hometown-Chekka_North_Governorate.html?m=66827,5.0,9,Dinner with friends,"Best sushi place 
Everything is so fresh and delicious 
Service is more than excellent and the ambiance is perfect",5
Batroun Lebanon,12615817,"Main Street Old Souk Street a1, Chekka Lebanon",Hometown,http://www.facebook.com/HometownSushiPub/,https://www.tripadvisor.com/Restaurant_Review-g6538961-d12615817-Reviews-Hometown-Chekka_North_Governorate.html?m=66827,5.0,9,Sushi in my hometown,"It’s always as good as the first visit.
Whether in the restaurant or by home delivery, the food is fresh and delicious.",5
Batroun Lebanon,12615817,"Main Street Old Souk Street a1, Chekka Lebanon",Hometown,http://www.facebook.com/HometownSushiPub/,https://www.tripadvisor.com/Restaurant_Review-g6538961-d12615817-Reviews-Hometown-Chekka_North_Governorate.html?m=66827,5.0,9,Best sushi pub in the area,"Without doubt, the best sushi pub in the area. A must try. 
Cocktails, sushi, ambiance, service. I strongly recommend. ",5
Batroun Lebanon,12615817,"Main Street Old Souk Street a1, Chekka Lebanon",Hometown,http://www.facebook.com/HometownSushiPub/,https://www.tripadvisor.com/Restaurant_Review-g6538961-d12615817-Reviews-Hometown-Chekka_North_Governorate.html?m=66827,5.0,9,Great sushi! Excellent place,"What a great sushi experience! We had an excellent surprise in this place. The dishes are delicious and it is a  very nice place to hang out.

Highly recommended",5
Batroun Lebanon,12615817,"Main Street Old Souk Street a1, Chekka Lebanon",Hometown,http://www.facebook.com/HometownSushiPub/,https://www.tripadvisor.com/Restaurant_Review-g6538961-d12615817-Reviews-Hometown-Chekka_North_Governorate.html?m=66827,5.0,9,Fantastic food with great staff. Would always come back. you need to make a reservation on weekends.,Try also the fantastic drinks at the professional bar. I had a blue wine and some great mojitos. We love that place in Lebanon.,5
Batroun Lebanon,33196967,"Batroun Old Souk, Batroun Lebanon",Omnia,https://www.facebook.com/profile.php?id=61556655270268#,https://www.tripadvisor.com/Restaurant_Review-g1943861-d33196967-Reviews-Omnia-Batroun_North_Governorate.html?m=66827,,0,,,
Batroun Lebanon,10507771,"118 Street, Batroun Lebanon",Georges Maalouf Seafood & Snack,,https://www.tripadvisor.com/Restaurant_Review-g1943861-d10507771-Reviews-Georges_Maalouf_Seafood_Snack-Batroun_North_Governorate.html?m=66827,4.9,16,Amazing new location,Amazing new location for George Mallouf in front of his old corner one location.spacious more food on the menu and the food never tasted better . With fresh grilled fish the place is now complete. Yummy and very good value for money,5
Batroun Lebanon,10507771,"118 Street, Batroun Lebanon",Georges Maalouf Seafood & Snack,,https://www.tripadvisor.com/Restaurant_Review-g1943861-d10507771-Reviews-Georges_Maalouf_Seafood_Snack-Batroun_North_Governorate.html?m=66827,4.9,16,Tasty tasty tasty,"It's an amazing fast food restaurant. Sandwiches are so tasty. I tried octopus and raw fish. Be careful raw fish is a little bit spicy I love it.
",5
Batroun Lebanon,10507771,"118 Street, Batroun Lebanon",Georges Maalouf Seafood & Snack,,https://www.tripadvisor.com/Restaurant_Review-g1943861-d10507771-Reviews-Georges_Maalouf_Seafood_Snack-Batroun_North_Governorate.html?m=66827,4.9,16,Try the octopus and remember this is paradise city,Lovely atmosphere by the Phoenician Walls. The menu has everything you need. They serve the dishes in shells try to get a table upstairs if it's not so hot and you will have a meal with the most magical view.  ,5
Batroun Lebanon,10507771,"118 Street, Batroun Lebanon",Georges Maalouf Seafood & Snack,,https://www.tripadvisor.com/Restaurant_Review-g1943861-d10507771-Reviews-Georges_Maalouf_Seafood_Snack-Batroun_North_Governorate.html?m=66827,4.9,16,Such good food - and so fresh!,An unassuming street café serving seafood wraps - you could walk straight past it and not know what you'd missed - but oh! The food! So fresh its almost swimming off your plate - tasty and excellently cooked - just perfect. You could pay ten times this price in a posh seafood restaurant and not have a tenth of the pleasure at the taste. Thanks all at the café - such nice food (and local craft beer available as well!),5
Batroun Lebanon,10507771,"118 Street, Batroun Lebanon",Georges Maalouf Seafood & Snack,,https://www.tripadvisor.com/Restaurant_Review-g1943861-d10507771-Reviews-Georges_Maalouf_Seafood_Snack-Batroun_North_Governorate.html?m=66827,4.9,16,Delicious food,"I visited this small fish sandwich shop with a couple of friends and all three of us ordered a second sandwich immediately after we finished the first ones. All ingredients are fresh, super tasty, the place is clean and the owner is very friendly. It’s located in old souk that is very beautiful itself, close to the beach. I’ll definitely be back every time I visit Batroun.",5
Batroun Lebanon,32821759,"Batroun Old Souk, Batroun 1400 Lebanon",Teta's Mezza House,https://www.instagram.com/tetasmezzahouse,https://www.tripadvisor.com/Restaurant_Review-g1943861-d32821759-Reviews-Teta_s_Mezza_House-Batroun_North_Governorate.html?m=66827,5.0,1,Feels like home,"Staff Expertise: 9/10, Very polite and helpful, they will definitely make some helpful suggestions regarding the food. Especially considering we had dietary requirements. 

• Atmosphere: 10/10, The atmosphere was amazing especially the upstairs and outside area. Felt like we were in Italy and the seats are comfortable. Also the background music is very well selected.

• Food & Drinks: 10/10, The food here is amazing honestly, menu item portion size was perfect (not small servings like other Lebanese restaurants) the food quality is very satisfying.

• Cleanliness: 10/10, Tables and dining areas are clean, as well as the  bathroom, had a lovely scent.",5
Batroun Lebanon,23728631,"Centre Saint Rock, Batroun Lebanon",Lemonade Chahine,https://www.facebook.com/limonade.chahine/,https://www.tripadvisor.com/Restaurant_Review-g1943861-d23728631-Reviews-Lemonade_Chahine-Batroun_North_Governorate.html?m=66827,4.0,3,Best lemonade in town ,"Best refreshing batroun lemonade.
The real star of the show was the lemonade. It was simply delicious, so fresh and perfectly sweet, with just the right amount of tartness.
Highly recommended",5
Batroun Lebanon,23728631,"Centre Saint Rock, Batroun Lebanon",Lemonade Chahine,https://www.facebook.com/limonade.chahine/,https://www.tripadvisor.com/Restaurant_Review-g1943861-d23728631-Reviews-Lemonade_Chahine-Batroun_North_Governorate.html?m=66827,4.0,3,Best Lemonade in Batroun!!,"So many places that sell Lemonade in Batroun, tried them all. However Lemonade Chahein was the best I’ve ever tasted. Natural ingredients, nothing artificial and definitely worth trying!!😋",5
Batroun Lebanon,23728631,"Centre Saint Rock, Batroun Lebanon",Lemonade Chahine,https://www.facebook.com/limonade.chahine/,https://www.tripadvisor.com/Restaurant_Review-g1943861-d23728631-Reviews-Lemonade_Chahine-Batroun_North_Governorate.html?m=66827,4.0,3,Overrated and expensive- not worth it,"Just a name, no longer the better lemonade. Many nearby stores taste better or the same and are offering at  half price. 

Chahine is offering the largest size at 100,000 LL at the time i bought it, which is ridiculous",2
Batroun Lebanon,18917415,"Sea Side Road, Batroun Lebanon",Roadster Diner,https://www.roadsterdiner.com/restaurants/,https://www.tripadvisor.com/Restaurant_Review-g1943861-d18917415-Reviews-Roadster_Diner-Batroun_North_Governorate.html?m=66827,3.0,4,"""Roadster diner Batroun: A Lunch Disaster""","
I had a disappointing experience at Roadsterdiner Batroun. The food took an hour to arrive, and we had to wait for forks, knives, and drinks. Even after asking for the check, we waited 15 minutes. It was a terrible lunch experience.",1
Batroun Lebanon,18917415,"Sea Side Road, Batroun Lebanon",Roadster Diner,https://www.roadsterdiner.com/restaurants/,https://www.tripadvisor.com/Restaurant_Review-g1943861-d18917415-Reviews-Roadster_Diner-Batroun_North_Governorate.html?m=66827,3.0,4,Bad,"3 bad experiences in a raw then i decided to write this review maybe they wake up 
Zero custemor service uppon delivery order the food was crap (kale salad)",1
Batroun Lebanon,18917415,"Sea Side Road, Batroun Lebanon",Roadster Diner,https://www.roadsterdiner.com/restaurants/,https://www.tripadvisor.com/Restaurant_Review-g1943861-d18917415-Reviews-Roadster_Diner-Batroun_North_Governorate.html?m=66827,3.0,4,Cheese at heart,"Disclaimer: Unbiased and unpaid review 

After finishing our trip from the mountains we ended up craving for burgers and nearby was roadster.

Pros: The food was surprisingly delicious! The wings with buffalo sauce and honey mustard on the side. The cheese at heart is an omg! Juicy and satisfying!

Staff are super friendly with smile on their face. 

Cons: the staff were overwhelmed by the amount of people rushing at the same time we came which made them rather unavailable.

All in all we went out full with joy. Definitely coming again",5
Batroun Lebanon,18917415,"Sea Side Road, Batroun Lebanon",Roadster Diner,https://www.roadsterdiner.com/restaurants/,https://www.tripadvisor.com/Restaurant_Review-g1943861-d18917415-Reviews-Roadster_Diner-Batroun_North_Governorate.html?m=66827,3.0,4,Nice experience!!! ,Very beautiful settings in the inside seating area and outside... Very friendly staff... Good service... We had a very tasty marble mud pie it is made from icecream covered with salted caramel and chocolate sauce... It is highly recommended... It  was a good experience!!! ,5
Batroun Lebanon,12839322,"Mina street, Batroun Lebanon",Bistr'eau,https://www.facebook.com/BistreauBatroun/,https://www.tripadvisor.com/Restaurant_Review-g1943861-d12839322-Reviews-Bistr_eau-Batroun_North_Governorate.html?m=66827,4.5,44,One of the best restaurants in Batroun,Excellent food one of the best i have every time that i am in Batroun. Plus it has different kind of dishes not the one u find in every restaurant and they are all yummy.,5
Batroun Lebanon,12839322,"Mina street, Batroun Lebanon",Bistr'eau,https://www.facebook.com/BistreauBatroun/,https://www.tripadvisor.com/Restaurant_Review-g1943861-d12839322-Reviews-Bistr_eau-Batroun_North_Governorate.html?m=66827,4.5,44,Amazing Food,"We had a really great experience here. The staff were fantastic. The food was delicious. We had linguini and risotto, which were both fantastic. Accompanied by a fantastic bottle of Lebanese wine.",5
Batroun Lebanon,12839322,"Mina street, Batroun Lebanon",Bistr'eau,https://www.facebook.com/BistreauBatroun/,https://www.tripadvisor.com/Restaurant_Review-g1943861-d12839322-Reviews-Bistr_eau-Batroun_North_Governorate.html?m=66827,4.5,44,BEST SEAFOOD IN BATROUN!,"This seafood restaurant stood out as a culinary revelation that defied our expectations. Despite initially being overshadowed by a couple of other higher-ranked seafood restaurants in the area, we decided to give Bistr’eau a try as our first meal, upon arriving in Batroun. Little did we know, it would turn out to be the culinary highlight of our stay, ultimately the place we selected as our last meal and the grand finale of our time in Batroun.

Situated beneath a series of picturesque succession of ornate arches along the waterfront, within one of Batroun's historical buildings at the port of the Batroûn Old Souk, this restaurant stood out as a true outlier. What made this dining experience truly exceptional was the symphony of flavors orchestrated by the fusion of cuisines, the inventive pairing of traditional and rarely-used ingredients, and the meticulous execution of each dish. Between our two visits, we embarked on a culinary journey through almost the entire menu, relishing every morsel.

The appetizers alone were a testament to the culinary prowess at play – from the refreshing Fattouch to the innovative Hummus with shrimp, the smoky allure of the aubergine with sundried tomato tarator, and fresh zaatar. The culinary exploration continued with Grilled Calamari, Sicilian octopus, shrimp fokhara with tomato sauce, and perfectly roasted Patatas Bravas. All this food only served to pave the way for the triumphant main courses—seafood risotto and the pièce de résistance, a perfectly seasoned deep-fried whole fish. The culinary symphony reached its crescendo with the Pain Perdu à la mode, offering the perfect sweet note to conclude our culinary odyssey.",5
Batroun Lebanon,12839322,"Mina street, Batroun Lebanon",Bistr'eau,https://www.facebook.com/BistreauBatroun/,https://www.tripadvisor.com/Restaurant_Review-g1943861-d12839322-Reviews-Bistr_eau-Batroun_North_Governorate.html?m=66827,4.5,44,Out of this world,"Amazing food, amazing place, amazing service. Batroon is out of this world. The restaurant is out of this world. I loved it and i highly recommend ",5
Batroun Lebanon,12839322,"Mina street, Batroun Lebanon",Bistr'eau,https://www.facebook.com/BistreauBatroun/,https://www.tripadvisor.com/Restaurant_Review-g1943861-d12839322-Reviews-Bistr_eau-Batroun_North_Governorate.html?m=66827,4.5,44,Amazing and super yummy ,"Excellent food, service and place. Food was amazing, diversified and amazing. We ordered lots of plates and we shared, it was amazing.",5
Batroun Lebanon,17093946,"Batroun Village Club, Batroun Lebanon",Beitrouna,http://Beitrouna.com,https://www.tripadvisor.com/Restaurant_Review-g1943861-d17093946-Reviews-Beitrouna-Batroun_North_Governorate.html?m=66827,,0,,,
Batroun Lebanon,23753247,"1106 Old Souk Road Old Souk, Batroun 0000 Lebanon",Elie's Yard,http://eliesyardbatroun.weebly.com,https://www.tripadvisor.com/Restaurant_Review-g1943861-d23753247-Reviews-Elie_s_Yard-Batroun_North_Governorate.html?m=66827,5.0,3,Authentic and delicious in a traditional style batroun courtyard.,Excellent spot in the heart of Batroun. This used to be a house that was converted to a restaurant. They serve food that can be enjoyed any time of day. It’s operated by a family of 4. I have tried there saj manakeesh and the eggs cooked in the clay pot (fakhara) their bread is made on saj and served.,5
Batroun Lebanon,23753247,"1106 Old Souk Road Old Souk, Batroun 0000 Lebanon",Elie's Yard,http://eliesyardbatroun.weebly.com,https://www.tripadvisor.com/Restaurant_Review-g1943861-d23753247-Reviews-Elie_s_Yard-Batroun_North_Governorate.html?m=66827,5.0,3,Very nice and friendly place,"We had breakfast twice here while staying in Batroun. The place is really laid back, with a yard with lemon trees and colorful tables, and also a veranda with sofas and low tables. The food is delicious and plenty, we were a group of six and ordered just different dishes to share. Elie and his family are very friendly and will answer every question you have. If we come to Batroun again we will definitely go back here!",5
Batroun Lebanon,23753247,"1106 Old Souk Road Old Souk, Batroun 0000 Lebanon",Elie's Yard,http://eliesyardbatroun.weebly.com,https://www.tripadvisor.com/Restaurant_Review-g1943861-d23753247-Reviews-Elie_s_Yard-Batroun_North_Governorate.html?m=66827,5.0,3,A hidden gem ,"We came for breakfast. Food was delicious, the service is amazing. The family running the place is very friendly. Would definitely visit this place again! ",5
Batroun Lebanon,26262454,"Yasamin By The Mediterranean, Batroun Lebanon",YAZZ Lounge & Garden,https://www.instagram.com/yazz.batroun/,https://www.tripadvisor.com/Restaurant_Review-g1943861-d26262454-Reviews-YAZZ_Lounge_Garden-Batroun_North_Governorate.html?m=66827,,0,,,
Batroun Lebanon,17679012,"Old Souks, Batroun Lebanon",Barrio 67,,https://www.tripadvisor.com/Restaurant_Review-g1943861-d17679012-Reviews-Barrio_67-Batroun_North_Governorate.html?m=66827,5.0,2,Short break in Batroun,"Great place to chillax and enjoy their excellent food and a Jameson on ice. Had lunch here on a wet Friday afternoon, the staff were very friendly",5
Batroun Lebanon,17679012,"Old Souks, Batroun Lebanon",Barrio 67,,https://www.tripadvisor.com/Restaurant_Review-g1943861-d17679012-Reviews-Barrio_67-Batroun_North_Governorate.html?m=66827,5.0,2,"Awesome food, great ambience - must visit in Batroun","It's a really cute and new spot in Batroun with an amazing fit out and awesome food. Very quirky! We had the Avocado and eggs on toast and the steak sandwich, both really good. Very clean. Highly recommend the visit. Also worth mentioning, great staff. Highly recommend. French Press coffee was amazing as well. ",5
Batroun Lebanon,26350197,"Batroun Old Souks, Batroun Lebanon",Ahwet Zeitouna Batroun,http://ahwetzeitouna.co,https://www.tripadvisor.com/Restaurant_Review-g1943861-d26350197-Reviews-Ahwet_Zeitouna_Batroun-Batroun_North_Governorate.html?m=66827,3.3,3,Fast service,"We were a big group of friends and family with kids.
Service was good and fast.
Atmosphere so nice, and food was good.
Recommend for big group",4
Batroun Lebanon,26350197,"Batroun Old Souks, Batroun Lebanon",Ahwet Zeitouna Batroun,http://ahwetzeitouna.co,https://www.tripadvisor.com/Restaurant_Review-g1943861-d26350197-Reviews-Ahwet_Zeitouna_Batroun-Batroun_North_Governorate.html?m=66827,3.3,3,Great athmosphere,"This is one of the most athmospheric and lively places to eat traditonal lebanese dishes and enjoy some shisha in Batroun.

Definitely recommend for a good time when you're in the area.",5
Batroun Lebanon,26350197,"Batroun Old Souks, Batroun Lebanon",Ahwet Zeitouna Batroun,http://ahwetzeitouna.co,https://www.tripadvisor.com/Restaurant_Review-g1943861-d26350197-Reviews-Ahwet_Zeitouna_Batroun-Batroun_North_Governorate.html?m=66827,3.3,3,Bad restaurant,"The meals are too small , dishes are not rich with good quantity 
Very expensive 
Very expensive 
Very expensive
It was the last time",1
Batroun Lebanon,2608428,"Batroun Highway Msaylha Fortress road, Batroun 961 Lebanon",Arnaoon Village,http://www.arnaoonvillage.com,https://www.tripadvisor.com/Restaurant_Review-g1943861-d2608428-Reviews-Arnaoon_Village-Batroun_North_Governorate.html?m=66827,4.5,230,Great experience,"We went for Christmas,  it is the third year in a row  , everything was magical the staff are so friendly like always, the shows are super nice. We have a great time.",5
Batroun Lebanon,2608428,"Batroun Highway Msaylha Fortress road, Batroun 961 Lebanon",Arnaoon Village,http://www.arnaoonvillage.com,https://www.tripadvisor.com/Restaurant_Review-g1943861-d2608428-Reviews-Arnaoon_Village-Batroun_North_Governorate.html?m=66827,4.5,230,Excellent,"Very nice day to spend with family 
Every thing was perfect ,from activities to food, the good ambiance.We had a very nice day.We highly recommend it",5
Batroun Lebanon,2608428,"Batroun Highway Msaylha Fortress road, Batroun 961 Lebanon",Arnaoon Village,http://www.arnaoonvillage.com,https://www.tripadvisor.com/Restaurant_Review-g1943861-d2608428-Reviews-Arnaoon_Village-Batroun_North_Governorate.html?m=66827,4.5,230,Baptism at arnaoun village,"We had a wonderful event yesterday at Arnaoun Village, and everything exceeded our expectations! The venue was absolutely charming and created the perfect atmosphere for our special occasion.

A heartfelt thank you to Miss Rasha, who was incredibly helpful, organized, and clear throughout the entire planning process. Her support truly made everything run smoothly.

The staff and waiters were very professional and attentive, always available with a smile and ready to help.",5
Batroun Lebanon,2608428,"Batroun Highway Msaylha Fortress road, Batroun 961 Lebanon",Arnaoon Village,http://www.arnaoonvillage.com,https://www.tripadvisor.com/Restaurant_Review-g1943861-d2608428-Reviews-Arnaoon_Village-Batroun_North_Governorate.html?m=66827,4.5,230,Everyone must go & try,"Everything was great from activities to food to stuff to music,we enjoyed every moment
1 cmnt u should add karting for adults",5
Batroun Lebanon,2608428,"Batroun Highway Msaylha Fortress road, Batroun 961 Lebanon",Arnaoon Village,http://www.arnaoonvillage.com,https://www.tripadvisor.com/Restaurant_Review-g1943861-d2608428-Reviews-Arnaoon_Village-Batroun_North_Governorate.html?m=66827,4.5,230,Best experience ever,"We were for a weekend guests house, it was the best weekend ever,best team,best food,best village and the best gathering",5
Batroun Lebanon,25273290,"Batroun Old Souks, Batroun Lebanon",Yasamin By The Mediterrenean,,https://www.tripadvisor.com/Restaurant_Review-g1943861-d25273290-Reviews-Yasamin_By_The_Mediterrenean-Batroun_North_Governorate.html?m=66827,,0,,,
